time_s,dimension,candidate,sign,pair,threshold_m,baseline_margin_m,candidate_margin_m,delta_margin_m
0.04000000000000002,remaining_time_s,1,-,link2_to_satellite,0.045,0.2585197486683958,0.25851974867450983,6.114053707761968e-12
0.04000000000000002,remaining_time_s,1,-,link3_to_satellite,0.045,0.44257066239394616,0.4427147156246387,0.0001440532306925535
0.04000000000000002,remaining_time_s,1,-,link4_to_satellite,0.045,0.4819721800138577,0.48213748756734026,0.000165307553482541
0.04000000000000002,remaining_time_s,1,-,link5_to_satellite,0.045,0.4383407921912309,0.4383581688316361,1.7376640405186716e-05
0.04000000000000002,remaining_time_s,1,-,link6_to_satellite,0.045,0.43783529678432626,0.43785886590333234,2.3569119006083827e-05
0.04000000000000002,remaining_time_s,1,-,link7_to_satellite,0.045,0.4197635279366171,0.4197635279366171,0.0
0.04000000000000002,remaining_time_s,1,-,link0_to_link4,0.045,0.4394786800302973,0.43954550379456964,6.682376427236125e-05
0.04000000000000002,remaining_time_s,1,-,link0_to_link5,0.045,0.4459815492679471,0.4459854656443445,3.916376397405941e-06
0.04000000000000002,remaining_time_s,1,-,link0_to_link6,0.045,0.48957207862508484,0.48957207862508484,0.0
0.04000000000000002,remaining_time_s,1,-,link0_to_link7,0.045,0.5507945616965172,0.5507945616965172,0.0
0.04000000000000002,remaining_time_s,1,-,link1_to_link5,0.045,0.31738642883725326,0.31738642883725326,0.0
0.04000000000000002,remaining_time_s,1,-,link1_to_link6,0.045,0.42375209678730713,0.42375209678730713,0.0
0.04000000000000002,remaining_time_s,1,-,link1_to_link7,0.045,0.5377016290881946,0.5377016290881946,0.0
0.04000000000000002,remaining_time_s,1,-,link2_to_link6,0.045,0.3215836013680858,0.3215836013680858,0.0
0.04000000000000002,remaining_time_s,1,-,link2_to_link7,0.045,0.44338962314872227,0.44338962314872227,0.0
0.04000000000000002,remaining_time_s,1,-,link3_to_link7,0.045,0.373761608202739,0.3737615180702548,-9.013248419842412e-08
0.04000000000000002,remaining_time_s,1,-,satellite_base_collision__tumbling_target_geom,0.002,0.7757950215940717,0.7757950169693507,-4.624720939538918e-09
0.04000000000000002,remaining_time_s,1,-,satellite_base_collision__target_contact_plate,0.002,0.8444801154397,0.8444823322808207,2.2168411206724414e-06
0.04000000000000002,remaining_time_s,1,-,link0_collision__tumbling_target_geom,0.002,0.838032574320141,0.838032574320141,0.0
0.04000000000000002,remaining_time_s,1,-,link0_collision__target_contact_plate,0.002,0.892982891943275,0.8929566999020464,-2.6192041228556562e-05
0.04000000000000002,remaining_time_s,1,-,link1_collision__tumbling_target_geom,0.002,0.7578037030833289,0.7578037030833289,0.0
0.04000000000000002,remaining_time_s,1,-,link1_collision__target_contact_plate,0.002,0.7887435326473898,0.7887435265591121,-6.0882777708215485e-09
0.04000000000000002,remaining_time_s,1,-,link2_collision__tumbling_target_geom,0.002,0.6365606738588148,0.6365606738588148,0.0
0.04000000000000002,remaining_time_s,1,-,link2_collision__target_contact_plate,0.002,0.667213255566393,0.6672133223081573,6.674176433740797e-08
0.04000000000000002,remaining_time_s,1,-,link3_collision__tumbling_target_geom,0.002,0.4778259413355664,0.4778283010485081,2.359712941712999e-06
0.04000000000000002,remaining_time_s,1,-,link3_collision__target_contact_plate,0.002,0.49325818649638603,0.4933746525546052,0.00011646605821918898
0.04000000000000002,remaining_time_s,1,-,link4_collision__tumbling_target_geom,0.002,0.3384712739128943,0.3384704303176106,-8.43595283683829e-07
0.04000000000000002,remaining_time_s,1,-,link4_collision__target_contact_plate,0.002,0.35364223598099753,0.3536425582862829,3.223052853496e-07
0.04000000000000002,remaining_time_s,1,-,link5_collision__tumbling_target_geom,0.002,0.20587031350762874,0.2058703157975127,2.2898839491247713e-09
0.04000000000000002,remaining_time_s,1,-,link5_collision__target_contact_plate,0.002,0.27207361802883534,0.2720317833212284,-4.183470760693586e-05
0.04000000000000002,remaining_time_s,1,-,link6_collision__tumbling_target_geom,0.002,0.12351099171716345,0.12351101541032442,2.3693160960958082e-08
0.04000000000000002,remaining_time_s,1,-,link6_collision__target_contact_plate,0.002,0.2430259616395393,0.2429614006566767,-6.456098286258816e-05
0.04000000000000002,remaining_time_s,1,-,link7_collision__tumbling_target_geom,0.002,0.2013986077319344,0.20132894290428227,-6.966482765213833e-05
0.04000000000000002,remaining_time_s,1,-,link7_collision__target_contact_plate,0.002,0.32526126614917356,0.32516785526006825,-9.341088910530537e-05
0.04000000000000002,remaining_time_s,1,-,gripper_contact_pad__tumbling_target_geom,-0.002,0.33195592226858067,0.3318659672282095,-8.99550403711813e-05
0.04000000000000002,remaining_time_s,1,-,n206_spacer__tumbling_target_geom,0.002,0.3188810345681176,0.3187924659934752,-8.856857464240031e-05
0.04000000000000002,remaining_time_s,1,-,n206_spacer__target_contact_plate,0.002,0.44042482689835377,0.44032034747152815,-0.00010447942682562106
0.04000000000000002,remaining_time_s,1,-,n206_spacer__satellite_base_collision,0.045,0.42003842890396015,0.42003842890396015,0.0
0.04000000000000002,remaining_time_s,1,-,n206_spacer__link0_collision,0.045,0.5600732877069485,0.5600732877069485,0.0
0.04000000000000002,remaining_time_s,1,-,n206_spacer__link1_collision,0.045,0.5542317018839666,0.5542317018839666,0.0
0.04000000000000002,remaining_time_s,1,-,n206_spacer__link2_collision,0.045,0.5005996042062836,0.5005996042062836,0.0
0.04000000000000002,remaining_time_s,1,-,n206_spacer__link3_collision,0.045,0.46916503801929016,0.46916503801929016,0.0
0.04000000000000002,remaining_time_s,1,-,n206_spacer__link4_collision,0.045,0.3313569654134675,0.3313569654134675,0.0
0.04000000000000002,remaining_time_s,1,-,n206_spacer__link5_collision,0.045,0.11116026190859375,0.11116026190859375,0.0
0.04000000000000002,remaining_time_s,1,-,n206_spacer__link6_collision,0.045,0.08391401432515856,0.0839140143251577,-8.604228440844963e-16
0.04000000000000002,remaining_time_s,1,-,n206_spacer__workspace_obstacle_0,0.045,1.955,1.955,0.0
0.04000000000000002,remaining_time_s,1,-,gripper_contact_pad__satellite_base_collision,0.045,0.4150925460533493,0.4150925460533493,0.0
0.04000000000000002,remaining_time_s,1,-,gripper_contact_pad__link0_collision,0.045,0.5587182145753508,0.5587182145753508,0.0
0.04000000000000002,remaining_time_s,1,-,gripper_contact_pad__link1_collision,0.045,0.5543550669481452,0.5543550669481452,0.0
0.04000000000000002,remaining_time_s,1,-,gripper_contact_pad__link2_collision,0.045,0.5050458784078673,0.5050458784078673,0.0
0.04000000000000002,remaining_time_s,1,-,gripper_contact_pad__link3_collision,0.045,0.47622973448154254,0.47622973448154254,0.0
0.04000000000000002,remaining_time_s,1,-,gripper_contact_pad__link4_collision,0.045,0.33872565433463153,0.33872565433463153,0.0
0.04000000000000002,remaining_time_s,1,-,gripper_contact_pad__link5_collision,0.045,0.11938028637980468,0.11938028637980468,0.0
0.04000000000000002,remaining_time_s,1,-,gripper_contact_pad__link6_collision,0.045,0.09371401399114006,0.09371401399113817,-1.887379141862766e-15
0.04000000000000002,remaining_time_s,1,-,gripper_contact_pad__workspace_obstacle_0,0.045,1.955,1.955,0.0
0.04000000000000002,remaining_time_s,2,+,link2_to_satellite,0.045,0.2585197486683958,0.2585197486654802,-2.9155566849681236e-12
0.04000000000000002,remaining_time_s,2,+,link3_to_satellite,0.045,0.44257066239394616,0.4425006659799683,-6.99964139778686e-05
0.04000000000000002,remaining_time_s,2,+,link4_to_satellite,0.045,0.4819721800138577,0.48189174083782577,-8.04391760319545e-05
0.04000000000000002,remaining_time_s,2,+,link5_to_satellite,0.045,0.4383407921912309,0.4383363453792185,-4.446812012393053e-06
0.04000000000000002,remaining_time_s,2,+,link6_to_satellite,0.045,0.43783529678432626,0.43782386950208013,-1.142728224612366e-05
0.04000000000000002,remaining_time_s,2,+,link7_to_satellite,0.045,0.4197635279366171,0.4197635279366171,0.0
0.04000000000000002,remaining_time_s,2,+,link0_to_link4,0.045,0.4394786800302973,0.43944636423706895,-3.231579322832134e-05
0.04000000000000002,remaining_time_s,2,+,link0_to_link5,0.045,0.4459815492679471,0.4459836644316836,2.115163736493564e-06
0.04000000000000002,remaining_time_s,2,+,link0_to_link6,0.045,0.48957207862508484,0.48957207862508484,0.0
0.04000000000000002,remaining_time_s,2,+,link0_to_link7,0.045,0.5507945616965172,0.5507945616965172,0.0
0.04000000000000002,remaining_time_s,2,+,link1_to_link5,0.045,0.31738642883725326,0.31738642883725326,0.0
0.04000000000000002,remaining_time_s,2,+,link1_to_link6,0.045,0.42375209678730713,0.42375209678730713,0.0
0.04000000000000002,remaining_time_s,2,+,link1_to_link7,0.045,0.5377016290881946,0.5377016290881946,0.0
0.04000000000000002,remaining_time_s,2,+,link2_to_link6,0.045,0.3215836013680858,0.3215836013680858,0.0
0.04000000000000002,remaining_time_s,2,+,link2_to_link7,0.045,0.44338962314872227,0.44338962314872227,0.0
0.04000000000000002,remaining_time_s,2,+,link3_to_link7,0.045,0.373761608202739,0.37376165045641946,4.225368044341593e-08
0.04000000000000002,remaining_time_s,2,+,satellite_base_collision__tumbling_target_geom,0.002,0.7757950215940717,0.7757950239133615,2.3192898712665055e-09
0.04000000000000002,remaining_time_s,2,+,satellite_base_collision__target_contact_plate,0.002,0.8444801154397,0.8444789511581117,-1.164281588361682e-06
0.04000000000000002,remaining_time_s,2,+,link0_collision__tumbling_target_geom,0.002,0.838032574320141,0.838032574320141,0.0
0.04000000000000002,remaining_time_s,2,+,link0_collision__target_contact_plate,0.002,0.892982891943275,0.8929957648729927,1.2872929717744341e-05
0.04000000000000002,remaining_time_s,2,+,link1_collision__tumbling_target_geom,0.002,0.7578037030833289,0.7578037030833289,0.0
0.04000000000000002,remaining_time_s,2,+,link1_collision__target_contact_plate,0.002,0.7887435326473898,0.7887435355166695,2.869279702721883e-09
0.04000000000000002,remaining_time_s,2,+,link2_collision__tumbling_target_geom,0.002,0.6365606738588148,0.6365606738588148,0.0
0.04000000000000002,remaining_time_s,2,+,link2_collision__target_contact_plate,0.002,0.667213255566393,0.6672132240899054,-3.1476487638570916e-08
0.04000000000000002,remaining_time_s,2,+,link3_collision__tumbling_target_geom,0.002,0.4778259413355664,0.477824747501101,-1.1938344653961153e-06
0.04000000000000002,remaining_time_s,2,+,link3_collision__target_contact_plate,0.002,0.49325818649638603,0.4931998039555849,-5.8382540801149574e-05
0.04000000000000002,remaining_time_s,2,+,link4_collision__tumbling_target_geom,0.002,0.3384712739128943,0.33847158991237253,3.159994782508946e-07
0.04000000000000002,remaining_time_s,2,+,link4_collision__target_contact_plate,0.002,0.35364223598099753,0.3536420039302953,-2.3205070220910784e-07
0.04000000000000002,remaining_time_s,2,+,link5_collision__tumbling_target_geom,0.002,0.20587031350762874,0.20587031242553777,-1.0820909723818772e-09
0.04000000000000002,remaining_time_s,2,+,link5_collision__target_contact_plate,0.002,0.27207361802883534,0.27209252269102446,1.8904662189123123e-05
0.04000000000000002,remaining_time_s,2,+,link6_collision__tumbling_target_geom,0.002,0.12351099171716345,0.1235109805488892,-1.1168274249850896e-08
0.04000000000000002,remaining_time_s,2,+,link6_collision__target_contact_plate,0.002,0.2430259616395393,0.24305714408283388,3.118244329458619e-05
0.04000000000000002,remaining_time_s,2,+,link7_collision__tumbling_target_geom,0.002,0.2013986077319344,0.2014321342550147,3.352652308027948e-05
0.04000000000000002,remaining_time_s,2,+,link7_collision__target_contact_plate,0.002,0.32526126614917356,0.3253062867900355,4.502064086192581e-05
0.04000000000000002,remaining_time_s,2,+,gripper_contact_pad__tumbling_target_geom,-0.002,0.33195592226858067,0.33199923079781646,4.3308529235785986e-05
0.04000000000000002,remaining_time_s,2,+,n206_spacer__tumbling_target_geom,0.002,0.3188810345681176,0.31892367385070636,4.263928258874117e-05
0.04000000000000002,remaining_time_s,2,+,n206_spacer__target_contact_plate,0.002,0.44042482689835377,0.4404751792467639,5.0352348410109826e-05
0.04000000000000002,remaining_time_s,2,+,n206_spacer__satellite_base_collision,0.045,0.42003842890396015,0.42003842890396015,0.0
0.04000000000000002,remaining_time_s,2,+,n206_spacer__link0_collision,0.045,0.5600732877069485,0.5600732877069485,0.0
0.04000000000000002,remaining_time_s,2,+,n206_spacer__link1_collision,0.045,0.5542317018839666,0.5542317018839666,0.0
0.04000000000000002,remaining_time_s,2,+,n206_spacer__link2_collision,0.045,0.5005996042062836,0.5005996042062836,0.0
0.04000000000000002,remaining_time_s,2,+,n206_spacer__link3_collision,0.045,0.46916503801929016,0.46916503801929016,0.0
0.04000000000000002,remaining_time_s,2,+,n206_spacer__link4_collision,0.045,0.3313569654134675,0.3313569654134675,0.0
0.04000000000000002,remaining_time_s,2,+,n206_spacer__link5_collision,0.045,0.11116026190859375,0.11116026190859375,0.0
0.04000000000000002,remaining_time_s,2,+,n206_spacer__link6_collision,0.045,0.08391401432515856,0.08391401432515973,1.1657341758564144e-15
0.04000000000000002,remaining_time_s,2,+,n206_spacer__workspace_obstacle_0,0.045,1.955,1.955,0.0
0.04000000000000002,remaining_time_s,2,+,gripper_contact_pad__satellite_base_collision,0.045,0.4150925460533493,0.4150925460533493,0.0
0.04000000000000002,remaining_time_s,2,+,gripper_contact_pad__link0_collision,0.045,0.5587182145753508,0.5587182145753508,0.0
0.04000000000000002,remaining_time_s,2,+,gripper_contact_pad__link1_collision,0.045,0.5543550669481452,0.5543550669481452,0.0
0.04000000000000002,remaining_time_s,2,+,gripper_contact_pad__link2_collision,0.045,0.5050458784078673,0.5050458784078673,0.0
0.04000000000000002,remaining_time_s,2,+,gripper_contact_pad__link3_collision,0.045,0.47622973448154254,0.47622973448154254,0.0
0.04000000000000002,remaining_time_s,2,+,gripper_contact_pad__link4_collision,0.045,0.33872565433463153,0.33872565433463153,0.0
0.04000000000000002,remaining_time_s,2,+,gripper_contact_pad__link5_collision,0.045,0.11938028637980468,0.11938028637980468,0.0
0.04000000000000002,remaining_time_s,2,+,gripper_contact_pad__link6_collision,0.045,0.09371401399114006,0.09371401399113684,-3.219646771412954e-15
0.04000000000000002,remaining_time_s,2,+,gripper_contact_pad__workspace_obstacle_0,0.045,1.955,1.955,0.0
0.04000000000000002,normal_bump_m,3,-,link2_to_satellite,0.045,0.2585197486683958,0.2585197486685318,1.3600232051658168e-13
0.04000000000000002,normal_bump_m,3,-,link3_to_satellite,0.045,0.44257066239394616,0.4423820363417659,-0.00018862605218022965
0.04000000000000002,normal_bump_m,3,-,link4_to_satellite,0.045,0.4819721800138577,0.4819075668025525,-6.461321130524222e-05
0.04000000000000002,normal_bump_m,3,-,link5_to_satellite,0.045,0.4383407921912309,0.4384518722466313,0.00011108005540039212
0.04000000000000002,normal_bump_m,3,-,link6_to_satellite,0.045,0.43783529678432626,0.43794621216395174,0.00011091537962548692
0.04000000000000002,normal_bump_m,3,-,link7_to_satellite,0.045,0.4197635279366171,0.4197635279366171,0.0
0.04000000000000002,normal_bump_m,3,-,link0_to_link4,0.045,0.4394786800302973,0.4394844878484082,5.807818110936669e-06
0.04000000000000002,normal_bump_m,3,-,link0_to_link5,0.045,0.4459815492679471,0.44604373664814817,6.218738020108416e-05
0.04000000000000002,normal_bump_m,3,-,link0_to_link6,0.045,0.48957207862508484,0.48957207862508484,0.0
0.04000000000000002,normal_bump_m,3,-,link0_to_link7,0.045,0.5507945616965172,0.5507945616965172,0.0
0.04000000000000002,normal_bump_m,3,-,link1_to_link5,0.045,0.31738642883725326,0.31738642883725326,0.0
0.04000000000000002,normal_bump_m,3,-,link1_to_link6,0.045,0.42375209678730713,0.42375209678730713,0.0
0.04000000000000002,normal_bump_m,3,-,link1_to_link7,0.045,0.5377016290881946,0.5377016290881946,0.0
0.04000000000000002,normal_bump_m,3,-,link2_to_link6,0.045,0.3215836013680858,0.3215836013680858,0.0
0.04000000000000002,normal_bump_m,3,-,link2_to_link7,0.045,0.44338962314872227,0.44338962314872227,0.0
0.04000000000000002,normal_bump_m,3,-,link3_to_link7,0.045,0.373761608202739,0.37376114120933673,-4.6699340228162356e-07
0.04000000000000002,normal_bump_m,3,-,satellite_base_collision__tumbling_target_geom,0.002,0.7757950215940717,0.7757950384151107,1.6821039006131855e-08
0.04000000000000002,normal_bump_m,3,-,satellite_base_collision__target_contact_plate,0.002,0.8444801154397,0.8444790241451027,-1.0912945973551302e-06
0.04000000000000002,normal_bump_m,3,-,link0_collision__tumbling_target_geom,0.002,0.838032574320141,0.838032574320141,0.0
0.04000000000000002,normal_bump_m,3,-,link0_collision__target_contact_plate,0.002,0.892982891943275,0.8930221668848867,3.927494161171108e-05
0.04000000000000002,normal_bump_m,3,-,link1_collision__tumbling_target_geom,0.002,0.7578037030833289,0.7578037030833289,0.0
0.04000000000000002,normal_bump_m,3,-,link1_collision__target_contact_plate,0.002,0.7887435326473898,0.7887435351497268,2.5023370042731585e-09
0.04000000000000002,normal_bump_m,3,-,link2_collision__tumbling_target_geom,0.002,0.6365606738588148,0.6365606738588148,0.0
0.04000000000000002,normal_bump_m,3,-,link2_collision__target_contact_plate,0.002,0.667213255566393,0.6672132453438803,-1.0222512725199806e-08
0.04000000000000002,normal_bump_m,3,-,link3_collision__tumbling_target_geom,0.002,0.4778259413355664,0.4777015248636709,-0.00012441647189548322
0.04000000000000002,normal_bump_m,3,-,link3_collision__target_contact_plate,0.002,0.49325818649638603,0.4930757534120371,-0.0001824330843489541
0.04000000000000002,normal_bump_m,3,-,link4_collision__tumbling_target_geom,0.002,0.3384712739128943,0.33846543832964693,-5.835583247348897e-06
0.04000000000000002,normal_bump_m,3,-,link4_collision__target_contact_plate,0.002,0.35364223598099753,0.35363316319379495,-9.072787202579757e-06
0.04000000000000002,normal_bump_m,3,-,link5_collision__tumbling_target_geom,0.002,0.20587031350762874,0.20587031457697197,1.0693432250796775e-09
0.04000000000000002,normal_bump_m,3,-,link5_collision__target_contact_plate,0.002,0.27207361802883534,0.2717680945508178,-0.0003055234780175442
0.04000000000000002,normal_bump_m,3,-,link6_collision__tumbling_target_geom,0.002,0.12351099171716345,0.12351096527376773,-2.6443395723108054e-08
0.04000000000000002,normal_bump_m,3,-,link6_collision__target_contact_plate,0.002,0.2430259616395393,0.24285918819672103,-0.00016677344281826323
0.04000000000000002,normal_bump_m,3,-,link7_collision__tumbling_target_geom,0.002,0.2013986077319344,0.20121641892522665,-0.00018218880670775595
0.04000000000000002,normal_bump_m,3,-,link7_collision__target_contact_plate,0.002,0.32526126614917356,0.3251271655883971,-0.00013410056077645116
0.04000000000000002,normal_bump_m,3,-,gripper_contact_pad__tumbling_target_geom,-0.002,0.33195592226858067,0.33181670519645723,-0.00013921707212344314
0.04000000000000002,normal_bump_m,3,-,n206_spacer__tumbling_target_geom,0.002,0.3188810345681176,0.3187384447642036,-0.0001425898039140172
0.04000000000000002,normal_bump_m,3,-,n206_spacer__target_contact_plate,0.002,0.44042482689835377,0.4403125088309133,-0.00011231806744049777
0.04000000000000002,normal_bump_m,3,-,n206_spacer__satellite_base_collision,0.045,0.42003842890396015,0.42003842890396015,0.0
0.04000000000000002,normal_bump_m,3,-,n206_spacer__link0_collision,0.045,0.5600732877069485,0.5600732877069485,0.0
0.04000000000000002,normal_bump_m,3,-,n206_spacer__link1_collision,0.045,0.5542317018839666,0.5542317018839666,0.0
0.04000000000000002,normal_bump_m,3,-,n206_spacer__link2_collision,0.045,0.5005996042062836,0.5005996042062836,0.0
0.04000000000000002,normal_bump_m,3,-,n206_spacer__link3_collision,0.045,0.46916503801929016,0.46916503801929016,0.0
0.04000000000000002,normal_bump_m,3,-,n206_spacer__link4_collision,0.045,0.3313569654134675,0.3313569654134675,0.0
0.04000000000000002,normal_bump_m,3,-,n206_spacer__link5_collision,0.045,0.11116026190859375,0.11116026190859375,0.0
0.04000000000000002,normal_bump_m,3,-,n206_spacer__link6_collision,0.045,0.08391401432515856,0.08391401432515945,8.881784197001252e-16
0.04000000000000002,normal_bump_m,3,-,n206_spacer__workspace_obstacle_0,0.045,1.955,1.955,0.0
0.04000000000000002,normal_bump_m,3,-,gripper_contact_pad__satellite_base_collision,0.045,0.4150925460533493,0.4150925460533493,0.0
0.04000000000000002,normal_bump_m,3,-,gripper_contact_pad__link0_collision,0.045,0.5587182145753508,0.5587182145753508,0.0
0.04000000000000002,normal_bump_m,3,-,gripper_contact_pad__link1_collision,0.045,0.5543550669481452,0.5543550669481452,0.0
0.04000000000000002,normal_bump_m,3,-,gripper_contact_pad__link2_collision,0.045,0.5050458784078673,0.5050458784078673,0.0
0.04000000000000002,normal_bump_m,3,-,gripper_contact_pad__link3_collision,0.045,0.47622973448154254,0.47622973448154254,0.0
0.04000000000000002,normal_bump_m,3,-,gripper_contact_pad__link4_collision,0.045,0.33872565433463153,0.33872565433463153,0.0
0.04000000000000002,normal_bump_m,3,-,gripper_contact_pad__link5_collision,0.045,0.11938028637980468,0.11938028637980468,0.0
0.04000000000000002,normal_bump_m,3,-,gripper_contact_pad__link6_collision,0.045,0.09371401399114006,0.09371401399114092,8.604228440844963e-16
0.04000000000000002,normal_bump_m,3,-,gripper_contact_pad__workspace_obstacle_0,0.045,1.955,1.955,0.0
0.04000000000000002,normal_bump_m,4,+,link2_to_satellite,0.045,0.2585197486683958,0.2585197486682593,-1.36501920877663e-13
0.04000000000000002,normal_bump_m,4,+,link3_to_satellite,0.045,0.44257066239394616,0.44275870697869796,0.00018804458475180086
0.04000000000000002,normal_bump_m,4,+,link4_to_satellite,0.045,0.4819721800138577,0.48203708474928114,6.490473542342112e-05
0.04000000000000002,normal_bump_m,4,+,link5_to_satellite,0.045,0.4383407921912309,0.4382205894098232,-0.00012020278140767449
0.04000000000000002,normal_bump_m,4,+,link6_to_satellite,0.045,0.43783529678432626,0.4375817071746816,-0.0002535896096446666
0.04000000000000002,normal_bump_m,4,+,link7_to_satellite,0.045,0.4197635279366171,0.4197635279366171,0.0
0.04000000000000002,normal_bump_m,4,+,link0_to_link4,0.045,0.4394786800302973,0.4394715688064977,-7.1112237995940575e-06
0.04000000000000002,normal_bump_m,4,+,link0_to_link5,0.045,0.4459815492679471,0.44592187705787056,-5.967221007652235e-05
0.04000000000000002,normal_bump_m,4,+,link0_to_link6,0.045,0.48957207862508484,0.48957207862508484,0.0
0.04000000000000002,normal_bump_m,4,+,link0_to_link7,0.045,0.5507945616965172,0.5507945616965172,0.0
0.04000000000000002,normal_bump_m,4,+,link1_to_link5,0.045,0.31738642883725326,0.31738642883725326,0.0
0.04000000000000002,normal_bump_m,4,+,link1_to_link6,0.045,0.42375209678730713,0.42375209678730713,0.0
0.04000000000000002,normal_bump_m,4,+,link1_to_link7,0.045,0.5377016290881946,0.5377016290881946,0.0
0.04000000000000002,normal_bump_m,4,+,link2_to_link6,0.045,0.3215836013680858,0.3215836013680858,0.0
0.04000000000000002,normal_bump_m,4,+,link2_to_link7,0.045,0.44338962314872227,0.44338962314872227,0.0
0.04000000000000002,normal_bump_m,4,+,link3_to_link7,0.045,0.373761608202739,0.3737620735745489,4.6537180986572224e-07
0.04000000000000002,normal_bump_m,4,+,satellite_base_collision__tumbling_target_geom,0.002,0.7757950215940717,0.775795004934613,-1.6659458701440144e-08
0.04000000000000002,normal_bump_m,4,+,satellite_base_collision__target_contact_plate,0.002,0.8444801154397,0.8444810955740708,9.801343707760424e-07
0.04000000000000002,normal_bump_m,4,+,link0_collision__tumbling_target_geom,0.002,0.838032574320141,0.838032574320141,0.0
0.04000000000000002,normal_bump_m,4,+,link0_collision__target_contact_plate,0.002,0.892982891943275,0.8929438615517987,-3.903039147623577e-05
0.04000000000000002,normal_bump_m,4,+,link1_collision__tumbling_target_geom,0.002,0.7578037030833289,0.7578037030833289,0.0
0.04000000000000002,normal_bump_m,4,+,link1_collision__target_contact_plate,0.002,0.7887435326473898,0.7887435301450532,-2.502336671206251e-09
0.04000000000000002,normal_bump_m,4,+,link2_collision__tumbling_target_geom,0.002,0.6365606738588148,0.6365606738588148,0.0
0.04000000000000002,normal_bump_m,4,+,link2_collision__target_contact_plate,0.002,0.667213255566393,0.6672132657888721,1.022247908544216e-08
0.04000000000000002,normal_bump_m,4,+,link3_collision__tumbling_target_geom,0.002,0.4778259413355664,0.47783356788423953,7.6265486731452725e-06
0.04000000000000002,normal_bump_m,4,+,link3_collision__target_contact_plate,0.002,0.49325818649638603,0.49343813417297905,0.00017994767659301747
0.04000000000000002,normal_bump_m,4,+,link4_collision__tumbling_target_geom,0.002,0.3384712739128943,0.3384769925517726,5.71863887832702e-06
0.04000000000000002,normal_bump_m,4,+,link4_collision__target_contact_plate,0.002,0.35364223598099753,0.3536511963090724,8.960328074847368e-06
0.04000000000000002,normal_bump_m,4,+,link5_collision__tumbling_target_geom,0.002,0.20587031350762874,0.20587031243828094,-1.069347804749654e-09
0.04000000000000002,normal_bump_m,4,+,link5_collision__target_contact_plate,0.002,0.27207361802883534,0.2723776913493848,0.00030407332054943614
0.04000000000000002,normal_bump_m,4,+,link6_collision__tumbling_target_geom,0.002,0.12351099171716345,0.1235110181605582,2.6443394751662908e-08
0.04000000000000002,normal_bump_m,4,+,link6_collision__target_contact_plate,0.002,0.2430259616395393,0.24319341600864944,0.00016745436911014266
0.04000000000000002,normal_bump_m,4,+,link7_collision__tumbling_target_geom,0.002,0.2013986077319344,0.2015815012183007,0.00018289348636629787
0.04000000000000002,normal_bump_m,4,+,link7_collision__target_contact_plate,0.002,0.32526126614917356,0.32539585776316415,0.00013459161399059782
0.04000000000000002,normal_bump_m,4,+,gripper_contact_pad__tumbling_target_geom,-0.002,0.33195592226858067,0.33209557389380173,0.00013965162522106
0.04000000000000002,normal_bump_m,4,+,n206_spacer__tumbling_target_geom,0.002,0.3188810345681176,0.3190240676419516,0.0001430330738340091
0.04000000000000002,normal_bump_m,4,+,n206_spacer__target_contact_plate,0.002,0.44042482689835377,0.4405374802625491,0.00011265336419530314
0.04000000000000002,normal_bump_m,4,+,n206_spacer__satellite_base_collision,0.045,0.42003842890396015,0.42003842890396015,0.0
0.04000000000000002,normal_bump_m,4,+,n206_spacer__link0_collision,0.045,0.5600732877069485,0.5600732877069485,0.0
0.04000000000000002,normal_bump_m,4,+,n206_spacer__link1_collision,0.045,0.5542317018839666,0.5542317018839666,0.0
0.04000000000000002,normal_bump_m,4,+,n206_spacer__link2_collision,0.045,0.5005996042062836,0.5005996042062836,0.0
0.04000000000000002,normal_bump_m,4,+,n206_spacer__link3_collision,0.045,0.46916503801929016,0.46916503801929016,0.0
0.04000000000000002,normal_bump_m,4,+,n206_spacer__link4_collision,0.045,0.3313569654134675,0.3313569654134675,0.0
0.04000000000000002,normal_bump_m,4,+,n206_spacer__link5_collision,0.045,0.11116026190859375,0.11116026190859375,0.0
0.04000000000000002,normal_bump_m,4,+,n206_spacer__link6_collision,0.045,0.08391401432515856,0.08391401432515787,-6.938893903907228e-16
0.04000000000000002,normal_bump_m,4,+,n206_spacer__workspace_obstacle_0,0.045,1.955,1.955,0.0
0.04000000000000002,normal_bump_m,4,+,gripper_contact_pad__satellite_base_collision,0.045,0.4150925460533493,0.4150925460533493,0.0
0.04000000000000002,normal_bump_m,4,+,gripper_contact_pad__link0_collision,0.045,0.5587182145753508,0.5587182145753508,0.0
0.04000000000000002,normal_bump_m,4,+,gripper_contact_pad__link1_collision,0.045,0.5543550669481452,0.5543550669481452,0.0
0.04000000000000002,normal_bump_m,4,+,gripper_contact_pad__link2_collision,0.045,0.5050458784078673,0.5050458784078673,0.0
0.04000000000000002,normal_bump_m,4,+,gripper_contact_pad__link3_collision,0.045,0.47622973448154254,0.47622973448154254,0.0
0.04000000000000002,normal_bump_m,4,+,gripper_contact_pad__link4_collision,0.045,0.33872565433463153,0.33872565433463153,0.0
0.04000000000000002,normal_bump_m,4,+,gripper_contact_pad__link5_collision,0.045,0.11938028637980468,0.11938028637980468,0.0
0.04000000000000002,normal_bump_m,4,+,gripper_contact_pad__link6_collision,0.045,0.09371401399114006,0.09371401399113864,-1.4155343563970746e-15
0.04000000000000002,normal_bump_m,4,+,gripper_contact_pad__workspace_obstacle_0,0.045,1.955,1.955,0.0
0.04000000000000002,tangent_bump_m,5,-,link2_to_satellite,0.045,0.2585197486683958,0.2585197486690528,6.570299859731676e-13
0.04000000000000002,tangent_bump_m,5,-,link3_to_satellite,0.045,0.44257066239394616,0.4427376169756246,0.00016695458167842459
0.04000000000000002,tangent_bump_m,5,-,link4_to_satellite,0.045,0.4819721800138577,0.48225307541047774,0.00028089539662001783
0.04000000000000002,tangent_bump_m,5,-,link5_to_satellite,0.045,0.4383407921912309,0.4384640468294726,0.0001232546382416988
0.04000000000000002,tangent_bump_m,5,-,link6_to_satellite,0.045,0.43783529678432626,0.43796541575661485,0.00013011897228859537
0.04000000000000002,tangent_bump_m,5,-,link7_to_satellite,0.045,0.4197635279366171,0.4197635279366171,0.0
0.04000000000000002,tangent_bump_m,5,-,link0_to_link4,0.045,0.4394786800302973,0.43961419859574935,0.0001355185654520752
0.04000000000000002,tangent_bump_m,5,-,link0_to_link5,0.045,0.4459815492679471,0.4460374616097291,5.591234178203841e-05
0.04000000000000002,tangent_bump_m,5,-,link0_to_link6,0.045,0.48957207862508484,0.48957207862508484,0.0
0.04000000000000002,tangent_bump_m,5,-,link0_to_link7,0.045,0.5507945616965172,0.5507945616965172,0.0
0.04000000000000002,tangent_bump_m,5,-,link1_to_link5,0.045,0.31738642883725326,0.31738642883725326,0.0
0.04000000000000002,tangent_bump_m,5,-,link1_to_link6,0.045,0.42375209678730713,0.42375209678730713,0.0
0.04000000000000002,tangent_bump_m,5,-,link1_to_link7,0.045,0.5377016290881946,0.5377016290881946,0.0
0.04000000000000002,tangent_bump_m,5,-,link2_to_link6,0.045,0.3215836013680858,0.3215836013680858,0.0
0.04000000000000002,tangent_bump_m,5,-,link2_to_link7,0.045,0.44338962314872227,0.44338962314872227,0.0
0.04000000000000002,tangent_bump_m,5,-,link3_to_link7,0.045,0.373761608202739,0.3737613614678734,-2.4673486559434465e-07
0.04000000000000002,tangent_bump_m,5,-,satellite_base_collision__tumbling_target_geom,0.002,0.7757950215940717,0.7757950390110839,1.7417012276865762e-08
0.04000000000000002,tangent_bump_m,5,-,satellite_base_collision__target_contact_plate,0.002,0.8444801154397,0.8444875937551857,7.478315485642817e-06
0.04000000000000002,tangent_bump_m,5,-,link0_collision__tumbling_target_geom,0.002,0.838032574320141,0.838032574320141,0.0
0.04000000000000002,tangent_bump_m,5,-,link0_collision__target_contact_plate,0.002,0.892982891943275,0.8929518160501201,-3.107589315487491e-05
0.04000000000000002,tangent_bump_m,5,-,link1_collision__tumbling_target_geom,0.002,0.7578037030833289,0.7578037030833289,0.0
0.04000000000000002,tangent_bump_m,5,-,link1_collision__target_contact_plate,0.002,0.7887435326473898,0.7887435326465971,-7.926992395823618e-13
0.04000000000000002,tangent_bump_m,5,-,link2_collision__tumbling_target_geom,0.002,0.6365606738588148,0.6365606738588148,0.0
0.04000000000000002,tangent_bump_m,5,-,link2_collision__target_contact_plate,0.002,0.667213255566393,0.6672132758971213,2.033072832308136e-08
0.04000000000000002,tangent_bump_m,5,-,link3_collision__tumbling_target_geom,0.002,0.4778259413355664,0.4778271013381741,1.1600026076918901e-06
0.04000000000000002,tangent_bump_m,5,-,link3_collision__target_contact_plate,0.002,0.49325818649638603,0.4934161553178078,0.00015796882142177227
0.04000000000000002,tangent_bump_m,5,-,link4_collision__tumbling_target_geom,0.002,0.3384712739128943,0.3384663206521216,-4.9532607726554545e-06
0.04000000000000002,tangent_bump_m,5,-,link4_collision__target_contact_plate,0.002,0.35364223598099753,0.35363726942778423,-4.966553213303637e-06
0.04000000000000002,tangent_bump_m,5,-,link5_collision__tumbling_target_geom,0.002,0.20587031350762874,0.20587031419613677,6.885080283680622e-10
0.04000000000000002,tangent_bump_m,5,-,link5_collision__target_contact_plate,0.002,0.27207361802883534,0.2717961180356497,-0.0002774999931856592
0.04000000000000002,tangent_bump_m,5,-,link6_collision__tumbling_target_geom,0.002,0.12351099171716345,0.12351098430770419,-7.409459268359342e-09
0.04000000000000002,tangent_bump_m,5,-,link6_collision__target_contact_plate,0.002,0.2430259616395393,0.24276343753759472,-0.00026252410194457787
0.04000000000000002,tangent_bump_m,5,-,link7_collision__tumbling_target_geom,0.002,0.2013986077319344,0.2010490568137021,-0.0003495509182322998
0.04000000000000002,tangent_bump_m,5,-,link7_collision__target_contact_plate,0.002,0.32526126614917356,0.3249161299839864,-0.0003451361651871654
0.04000000000000002,tangent_bump_m,5,-,gripper_contact_pad__tumbling_target_geom,-0.002,0.33195592226858067,0.33157048524069715,-0.0003854370278835173
0.04000000000000002,tangent_bump_m,5,-,n206_spacer__tumbling_target_geom,0.002,0.3188810345681176,0.31849756085057906,-0.00038347371753855164
0.04000000000000002,tangent_bump_m,5,-,n206_spacer__target_contact_plate,0.002,0.44042482689835377,0.440051807202015,-0.0003730196963387944
0.04000000000000002,tangent_bump_m,5,-,n206_spacer__satellite_base_collision,0.045,0.42003842890396015,0.42003842890396015,0.0
0.04000000000000002,tangent_bump_m,5,-,n206_spacer__link0_collision,0.045,0.5600732877069485,0.5600732877069485,0.0
0.04000000000000002,tangent_bump_m,5,-,n206_spacer__link1_collision,0.045,0.5542317018839666,0.5542317018839666,0.0
0.04000000000000002,tangent_bump_m,5,-,n206_spacer__link2_collision,0.045,0.5005996042062836,0.5005996042062836,0.0
0.04000000000000002,tangent_bump_m,5,-,n206_spacer__link3_collision,0.045,0.46916503801929016,0.46916503801929016,0.0
0.04000000000000002,tangent_bump_m,5,-,n206_spacer__link4_collision,0.045,0.3313569654134675,0.3313569654134675,0.0
0.04000000000000002,tangent_bump_m,5,-,n206_spacer__link5_collision,0.045,0.11116026190859375,0.11116026190859375,0.0
0.04000000000000002,tangent_bump_m,5,-,n206_spacer__link6_collision,0.045,0.08391401432515856,0.08391401432515834,-2.220446049250313e-16
0.04000000000000002,tangent_bump_m,5,-,n206_spacer__workspace_obstacle_0,0.045,1.955,1.955,0.0
0.04000000000000002,tangent_bump_m,5,-,gripper_contact_pad__satellite_base_collision,0.045,0.4150925460533493,0.4150925460533493,0.0
0.04000000000000002,tangent_bump_m,5,-,gripper_contact_pad__link0_collision,0.045,0.5587182145753508,0.5587182145753508,0.0
0.04000000000000002,tangent_bump_m,5,-,gripper_contact_pad__link1_collision,0.045,0.5543550669481452,0.5543550669481452,0.0
0.04000000000000002,tangent_bump_m,5,-,gripper_contact_pad__link2_collision,0.045,0.5050458784078673,0.5050458784078673,0.0
0.04000000000000002,tangent_bump_m,5,-,gripper_contact_pad__link3_collision,0.045,0.47622973448154254,0.47622973448154254,0.0
0.04000000000000002,tangent_bump_m,5,-,gripper_contact_pad__link4_collision,0.045,0.33872565433463153,0.33872565433463153,0.0
0.04000000000000002,tangent_bump_m,5,-,gripper_contact_pad__link5_collision,0.045,0.11938028637980468,0.11938028637980468,0.0
0.04000000000000002,tangent_bump_m,5,-,gripper_contact_pad__link6_collision,0.045,0.09371401399114006,0.0937140139911395,-5.551115123125783e-16
0.04000000000000002,tangent_bump_m,5,-,gripper_contact_pad__workspace_obstacle_0,0.045,1.955,1.955,0.0
0.04000000000000002,tangent_bump_m,6,+,link2_to_satellite,0.045,0.2585197486683958,0.2585197486677385,-6.572520305780927e-13
0.04000000000000002,tangent_bump_m,6,+,link3_to_satellite,0.045,0.44257066239394616,0.4424025019865473,-0.00016816040739886517
0.04000000000000002,tangent_bump_m,6,+,link4_to_satellite,0.045,0.4819721800138577,0.4816743439252797,-0.00029783608857802957
0.04000000000000002,tangent_bump_m,6,+,link5_to_satellite,0.045,0.4383407921912309,0.4382262269260333,-0.00011456526519759702
0.04000000000000002,tangent_bump_m,6,+,link6_to_satellite,0.045,0.43783529678432626,0.4375283016272712,-0.00030699515705506775
0.04000000000000002,tangent_bump_m,6,+,link7_to_satellite,0.045,0.4197635279366171,0.4197635279366171,0.0
0.04000000000000002,tangent_bump_m,6,+,link0_to_link4,0.045,0.4394786800302973,0.4393347579985981,-0.00014392203169916185
0.04000000000000002,tangent_bump_m,6,+,link0_to_link5,0.045,0.4459815492679471,0.44594678716371494,-3.476210423214443e-05
0.04000000000000002,tangent_bump_m,6,+,link0_to_link6,0.045,0.48957207862508484,0.48957207862508484,0.0
0.04000000000000002,tangent_bump_m,6,+,link0_to_link7,0.045,0.5507945616965172,0.5507945616965172,0.0
0.04000000000000002,tangent_bump_m,6,+,link1_to_link5,0.045,0.31738642883725326,0.31738642883725326,0.0
0.04000000000000002,tangent_bump_m,6,+,link1_to_link6,0.045,0.42375209678730713,0.42375209678730713,0.0
0.04000000000000002,tangent_bump_m,6,+,link1_to_link7,0.045,0.5377016290881946,0.5377016290881946,0.0
0.04000000000000002,tangent_bump_m,6,+,link2_to_link6,0.045,0.3215836013680858,0.3215836013680858,0.0
0.04000000000000002,tangent_bump_m,6,+,link2_to_link7,0.045,0.44338962314872227,0.44338962314872227,0.0
0.04000000000000002,tangent_bump_m,6,+,link3_to_link7,0.045,0.373761608202739,0.3737618430446114,2.3484187239297682e-07
0.04000000000000002,tangent_bump_m,6,+,satellite_base_collision__tumbling_target_geom,0.002,0.7757950215940717,0.7757950027849164,-1.8809155233334707e-08
0.04000000000000002,tangent_bump_m,6,+,satellite_base_collision__target_contact_plate,0.002,0.8444801154397,0.8444724562785358,-7.659161164186301e-06
0.04000000000000002,tangent_bump_m,6,+,link0_collision__tumbling_target_geom,0.002,0.838032574320141,0.838032574320141,0.0
0.04000000000000002,tangent_bump_m,6,+,link0_collision__target_contact_plate,0.002,0.892982891943275,0.8930144807628668,3.158881959186566e-05
0.04000000000000002,tangent_bump_m,6,+,link1_collision__tumbling_target_geom,0.002,0.7578037030833289,0.7578037030833289,0.0
0.04000000000000002,tangent_bump_m,6,+,link1_collision__target_contact_plate,0.002,0.7887435326473898,0.7887435326481825,7.926992395823618e-13
0.04000000000000002,tangent_bump_m,6,+,link2_collision__tumbling_target_geom,0.002,0.6365606738588148,0.6365606738588148,0.0
0.04000000000000002,tangent_bump_m,6,+,link2_collision__target_contact_plate,0.002,0.667213255566393,0.6672132343357607,-2.123063225223376e-08
0.04000000000000002,tangent_bump_m,6,+,link3_collision__tumbling_target_geom,0.002,0.4778259413355664,0.47772521393549927,-0.00010072740006711323
0.04000000000000002,tangent_bump_m,6,+,link3_collision__target_contact_plate,0.002,0.49325818649638603,0.493095674122188,-0.00016251237419800946
0.04000000000000002,tangent_bump_m,6,+,link4_collision__tumbling_target_geom,0.002,0.3384712739128943,0.3384756378203162,4.363907421922608e-06
0.04000000000000002,tangent_bump_m,6,+,link4_collision__target_contact_plate,0.002,0.35364223598099753,0.35364664819066033,4.412209662796318e-06
0.04000000000000002,tangent_bump_m,6,+,link5_collision__tumbling_target_geom,0.002,0.20587031350762874,0.20587031281911872,-6.885100267695066e-10
0.04000000000000002,tangent_bump_m,6,+,link5_collision__target_contact_plate,0.002,0.27207361802883534,0.27234807174172665,0.0002744537128913094
0.04000000000000002,tangent_bump_m,6,+,link6_collision__tumbling_target_geom,0.002,0.12351099171716345,0.12351099912662142,7.409457963847288e-09
0.04000000000000002,tangent_bump_m,6,+,link6_collision__target_contact_plate,0.002,0.2430259616395393,0.24328844475952408,0.0002624831199847799
0.04000000000000002,tangent_bump_m,6,+,link7_collision__tumbling_target_geom,0.002,0.2013986077319344,0.20174811125471334,0.00034950352277893226
0.04000000000000002,tangent_bump_m,6,+,link7_collision__target_contact_plate,0.002,0.32526126614917356,0.3256064348644393,0.00034516871526574233
0.04000000000000002,tangent_bump_m,6,+,gripper_contact_pad__tumbling_target_geom,-0.002,0.33195592226858067,0.3323412384599212,0.0003853161913405234
0.04000000000000002,tangent_bump_m,6,+,n206_spacer__tumbling_target_geom,0.002,0.3188810345681176,0.31926438552780506,0.00038335095968744515
0.04000000000000002,tangent_bump_m,6,+,n206_spacer__target_contact_plate,0.002,0.44042482689835377,0.44079783818295387,0.0003730112846000999
0.04000000000000002,tangent_bump_m,6,+,n206_spacer__satellite_base_collision,0.045,0.42003842890396015,0.42003842890396015,0.0
0.04000000000000002,tangent_bump_m,6,+,n206_spacer__link0_collision,0.045,0.5600732877069485,0.5600732877069485,0.0
0.04000000000000002,tangent_bump_m,6,+,n206_spacer__link1_collision,0.045,0.5542317018839666,0.5542317018839666,0.0
0.04000000000000002,tangent_bump_m,6,+,n206_spacer__link2_collision,0.045,0.5005996042062836,0.5005996042062836,0.0
0.04000000000000002,tangent_bump_m,6,+,n206_spacer__link3_collision,0.045,0.46916503801929016,0.46916503801929016,0.0
0.04000000000000002,tangent_bump_m,6,+,n206_spacer__link4_collision,0.045,0.3313569654134675,0.3313569654134675,0.0
0.04000000000000002,tangent_bump_m,6,+,n206_spacer__link5_collision,0.045,0.11116026190859375,0.11116026190859375,0.0
0.04000000000000002,tangent_bump_m,6,+,n206_spacer__link6_collision,0.045,0.08391401432515856,0.08391401432516042,1.8596235662471372e-15
0.04000000000000002,tangent_bump_m,6,+,n206_spacer__workspace_obstacle_0,0.045,1.955,1.955,0.0
0.04000000000000002,tangent_bump_m,6,+,gripper_contact_pad__satellite_base_collision,0.045,0.4150925460533493,0.4150925460533493,0.0
0.04000000000000002,tangent_bump_m,6,+,gripper_contact_pad__link0_collision,0.045,0.5587182145753508,0.5587182145753508,0.0
0.04000000000000002,tangent_bump_m,6,+,gripper_contact_pad__link1_collision,0.045,0.5543550669481452,0.5543550669481452,0.0
0.04000000000000002,tangent_bump_m,6,+,gripper_contact_pad__link2_collision,0.045,0.5050458784078673,0.5050458784078673,0.0
0.04000000000000002,tangent_bump_m,6,+,gripper_contact_pad__link3_collision,0.045,0.47622973448154254,0.47622973448154254,0.0
0.04000000000000002,tangent_bump_m,6,+,gripper_contact_pad__link4_collision,0.045,0.33872565433463153,0.33872565433463153,0.0
0.04000000000000002,tangent_bump_m,6,+,gripper_contact_pad__link5_collision,0.045,0.11938028637980468,0.11938028637980468,0.0
0.04000000000000002,tangent_bump_m,6,+,gripper_contact_pad__link6_collision,0.045,0.09371401399114006,0.09371401399113828,-1.7763568394002505e-15
0.04000000000000002,tangent_bump_m,6,+,gripper_contact_pad__workspace_obstacle_0,0.045,1.955,1.955,0.0
0.04000000000000002,psi_mid_correction_rad,7,-,link2_to_satellite,0.045,0.2585197486683958,0.2585197486683958,0.0
0.04000000000000002,psi_mid_correction_rad,7,-,link3_to_satellite,0.045,0.44257066239394616,0.4425334698443041,-3.71925496420733e-05
0.04000000000000002,psi_mid_correction_rad,7,-,link4_to_satellite,0.045,0.4819721800138577,0.48201865978603314,4.647977217542287e-05
0.04000000000000002,psi_mid_correction_rad,7,-,link5_to_satellite,0.045,0.4383407921912309,0.4383842820592318,4.3489868000901044e-05
0.04000000000000002,psi_mid_correction_rad,7,-,link6_to_satellite,0.045,0.43783529678432626,0.43787723631142855,4.193952710229709e-05
0.04000000000000002,psi_mid_correction_rad,7,-,link7_to_satellite,0.045,0.4197635279366171,0.4197635279366171,0.0
0.04000000000000002,psi_mid_correction_rad,7,-,link0_to_link4,0.045,0.4394786800302973,0.4394980216276345,1.934159733724128e-05
0.04000000000000002,psi_mid_correction_rad,7,-,link0_to_link5,0.045,0.4459815492679471,0.44601881291653367,3.726364858658293e-05
0.04000000000000002,psi_mid_correction_rad,7,-,link0_to_link6,0.045,0.48957207862508484,0.48957207862508484,0.0
0.04000000000000002,psi_mid_correction_rad,7,-,link0_to_link7,0.045,0.5507945616965172,0.5507945616965172,0.0
0.04000000000000002,psi_mid_correction_rad,7,-,link1_to_link5,0.045,0.31738642883725326,0.31738642883725326,0.0
0.04000000000000002,psi_mid_correction_rad,7,-,link1_to_link6,0.045,0.42375209678730713,0.42375209678730713,0.0
0.04000000000000002,psi_mid_correction_rad,7,-,link1_to_link7,0.045,0.5377016290881946,0.5377016290881946,0.0
0.04000000000000002,psi_mid_correction_rad,7,-,link2_to_link6,0.045,0.3215836013680858,0.3215836013680858,0.0
0.04000000000000002,psi_mid_correction_rad,7,-,link2_to_link7,0.045,0.44338962314872227,0.44338962314872227,0.0
0.04000000000000002,psi_mid_correction_rad,7,-,link3_to_link7,0.045,0.373761608202739,0.373750943459485,-1.0664743254007458e-05
0.04000000000000002,psi_mid_correction_rad,7,-,satellite_base_collision__tumbling_target_geom,0.002,0.7757950215940717,0.7757950215940717,0.0
0.04000000000000002,psi_mid_correction_rad,7,-,satellite_base_collision__target_contact_plate,0.002,0.8444801154397,0.8444602606905866,-1.9854749113479286e-05
0.04000000000000002,psi_mid_correction_rad,7,-,link0_collision__tumbling_target_geom,0.002,0.838032574320141,0.838032574320141,0.0
0.04000000000000002,psi_mid_correction_rad,7,-,link0_collision__target_contact_plate,0.002,0.892982891943275,0.8930217604247349,3.88684814599527e-05
0.04000000000000002,psi_mid_correction_rad,7,-,link1_collision__tumbling_target_geom,0.002,0.7578037030833289,0.7578037030833289,0.0
0.04000000000000002,psi_mid_correction_rad,7,-,link1_collision__target_contact_plate,0.002,0.7887435326473898,0.7887435326473898,0.0
0.04000000000000002,psi_mid_correction_rad,7,-,link2_collision__tumbling_target_geom,0.002,0.6365606738588148,0.6365606738588148,0.0
0.04000000000000002,psi_mid_correction_rad,7,-,link2_collision__target_contact_plate,0.002,0.667213255566393,0.667213255566393,0.0
0.04000000000000002,psi_mid_correction_rad,7,-,link3_collision__tumbling_target_geom,0.002,0.4778259413355664,0.4776646350867243,-0.00016130624884208578
0.04000000000000002,psi_mid_correction_rad,7,-,link3_collision__target_contact_plate,0.002,0.49325818649638603,0.49282055517094275,-0.0004376313254432773
0.04000000000000002,psi_mid_correction_rad,7,-,link4_collision__tumbling_target_geom,0.002,0.3384712739128943,0.3384692661190119,-2.00779388237482e-06
0.04000000000000002,psi_mid_correction_rad,7,-,link4_collision__target_contact_plate,0.002,0.35364223598099753,0.353632632655201,-9.603325796525564e-06
0.04000000000000002,psi_mid_correction_rad,7,-,link5_collision__tumbling_target_geom,0.002,0.20587031350762874,0.20587031350762874,0.0
0.04000000000000002,psi_mid_correction_rad,7,-,link5_collision__target_contact_plate,0.002,0.27207361802883534,0.2717798583998669,-0.00029375962896843744
0.04000000000000002,psi_mid_correction_rad,7,-,link6_collision__tumbling_target_geom,0.002,0.12351099171716345,0.12351099171716345,0.0
0.04000000000000002,psi_mid_correction_rad,7,-,link6_collision__target_contact_plate,0.002,0.2430259616395393,0.24304199504608184,1.6033406542548256e-05
0.04000000000000002,psi_mid_correction_rad,7,-,link7_collision__tumbling_target_geom,0.002,0.2013986077319344,0.20139532002624533,-3.2877056890812106e-06
0.04000000000000002,psi_mid_correction_rad,7,-,link7_collision__target_contact_plate,0.002,0.32526126614917356,0.32525809517380483,-3.1709753687270137e-06
0.04000000000000002,psi_mid_correction_rad,7,-,gripper_contact_pad__tumbling_target_geom,-0.002,0.33195592226858067,0.33195239812026656,-3.524148314115738e-06
0.04000000000000002,psi_mid_correction_rad,7,-,n206_spacer__tumbling_target_geom,0.002,0.3188810345681176,0.3188775239441416,-3.510623976021865e-06
0.04000000000000002,psi_mid_correction_rad,7,-,n206_spacer__target_contact_plate,0.002,0.44042482689835377,0.4404214513611714,-3.375537182381816e-06
0.04000000000000002,psi_mid_correction_rad,7,-,n206_spacer__satellite_base_collision,0.045,0.42003842890396015,0.42003842890396015,0.0
0.04000000000000002,psi_mid_correction_rad,7,-,n206_spacer__link0_collision,0.045,0.5600732877069485,0.5600732877069485,0.0
0.04000000000000002,psi_mid_correction_rad,7,-,n206_spacer__link1_collision,0.045,0.5542317018839666,0.5542317018839666,0.0
0.04000000000000002,psi_mid_correction_rad,7,-,n206_spacer__link2_collision,0.045,0.5005996042062836,0.5005996042062836,0.0
0.04000000000000002,psi_mid_correction_rad,7,-,n206_spacer__link3_collision,0.045,0.46916503801929016,0.46916503801929016,0.0
0.04000000000000002,psi_mid_correction_rad,7,-,n206_spacer__link4_collision,0.045,0.3313569654134675,0.3313569654134675,0.0
0.04000000000000002,psi_mid_correction_rad,7,-,n206_spacer__link5_collision,0.045,0.11116026190859375,0.11116026190859375,0.0
0.04000000000000002,psi_mid_correction_rad,7,-,n206_spacer__link6_collision,0.045,0.08391401432515856,0.08391401432515862,5.551115123125783e-17
0.04000000000000002,psi_mid_correction_rad,7,-,n206_spacer__workspace_obstacle_0,0.045,1.955,1.955,0.0
0.04000000000000002,psi_mid_correction_rad,7,-,gripper_contact_pad__satellite_base_collision,0.045,0.4150925460533493,0.4150925460533493,0.0
0.04000000000000002,psi_mid_correction_rad,7,-,gripper_contact_pad__link0_collision,0.045,0.5587182145753508,0.5587182145753508,0.0
0.04000000000000002,psi_mid_correction_rad,7,-,gripper_contact_pad__link1_collision,0.045,0.5543550669481452,0.5543550669481452,0.0
0.04000000000000002,psi_mid_correction_rad,7,-,gripper_contact_pad__link2_collision,0.045,0.5050458784078673,0.5050458784078673,0.0
0.04000000000000002,psi_mid_correction_rad,7,-,gripper_contact_pad__link3_collision,0.045,0.47622973448154254,0.47622973448154254,0.0
0.04000000000000002,psi_mid_correction_rad,7,-,gripper_contact_pad__link4_collision,0.045,0.33872565433463153,0.33872565433463153,0.0
0.04000000000000002,psi_mid_correction_rad,7,-,gripper_contact_pad__link5_collision,0.045,0.11938028637980468,0.11938028637980468,0.0
0.04000000000000002,psi_mid_correction_rad,7,-,gripper_contact_pad__link6_collision,0.045,0.09371401399114006,0.09371401399114206,1.9984014443252818e-15
0.04000000000000002,psi_mid_correction_rad,7,-,gripper_contact_pad__workspace_obstacle_0,0.045,1.955,1.955,0.0
0.04000000000000002,psi_mid_correction_rad,8,+,link2_to_satellite,0.045,0.2585197486683958,0.2585197486683958,0.0
0.04000000000000002,psi_mid_correction_rad,8,+,link3_to_satellite,0.045,0.44257066239394616,0.44259820402326927,2.7541629323113437e-05
0.04000000000000002,psi_mid_correction_rad,8,+,link4_to_satellite,0.045,0.4819721800138577,0.4819346393890001,-3.754062485761267e-05
0.04000000000000002,psi_mid_correction_rad,8,+,link5_to_satellite,0.045,0.4383407921912309,0.43834055994910676,-2.322421241429673e-07
0.04000000000000002,psi_mid_correction_rad,8,+,link6_to_satellite,0.045,0.43783529678432626,0.43782112956164787,-1.4167222678385105e-05
0.04000000000000002,psi_mid_correction_rad,8,+,link7_to_satellite,0.045,0.4197635279366171,0.4197635279366171,0.0
0.04000000000000002,psi_mid_correction_rad,8,+,link0_to_link4,0.045,0.4394786800302973,0.43946241277800435,-1.626725229292303e-05
0.04000000000000002,psi_mid_correction_rad,8,+,link0_to_link5,0.045,0.4459815492679471,0.4459815492679471,0.0
0.04000000000000002,psi_mid_correction_rad,8,+,link0_to_link6,0.045,0.48957207862508484,0.48957207862508484,0.0
0.04000000000000002,psi_mid_correction_rad,8,+,link0_to_link7,0.045,0.5507945616965172,0.5507945616965172,0.0
0.04000000000000002,psi_mid_correction_rad,8,+,link1_to_link5,0.045,0.31738642883725326,0.31738642883725326,0.0
0.04000000000000002,psi_mid_correction_rad,8,+,link1_to_link6,0.045,0.42375209678730713,0.42375209678730713,0.0
0.04000000000000002,psi_mid_correction_rad,8,+,link1_to_link7,0.045,0.5377016290881946,0.5377016290881946,0.0
0.04000000000000002,psi_mid_correction_rad,8,+,link2_to_link6,0.045,0.3215836013680858,0.3215836013680858,0.0
0.04000000000000002,psi_mid_correction_rad,8,+,link2_to_link7,0.045,0.44338962314872227,0.44338962314872227,0.0
0.04000000000000002,psi_mid_correction_rad,8,+,link3_to_link7,0.045,0.373761608202739,0.373761608202739,0.0
0.04000000000000002,psi_mid_correction_rad,8,+,satellite_base_collision__tumbling_target_geom,0.002,0.7757950215940717,0.7757950215940717,0.0
0.04000000000000002,psi_mid_correction_rad,8,+,satellite_base_collision__target_contact_plate,0.002,0.8444801154397,0.844495513165903,1.5397726202959205e-05
0.04000000000000002,psi_mid_correction_rad,8,+,link0_collision__tumbling_target_geom,0.002,0.838032574320141,0.838032574320141,0.0
0.04000000000000002,psi_mid_correction_rad,8,+,link0_collision__target_contact_plate,0.002,0.892982891943275,0.8929526479073587,-3.024403591622704e-05
0.04000000000000002,psi_mid_correction_rad,8,+,link1_collision__tumbling_target_geom,0.002,0.7578037030833289,0.7578037030833289,0.0
0.04000000000000002,psi_mid_correction_rad,8,+,link1_collision__target_contact_plate,0.002,0.7887435326473898,0.7887435326473898,0.0
0.04000000000000002,psi_mid_correction_rad,8,+,link2_collision__tumbling_target_geom,0.002,0.6365606738588148,0.6365606738588148,0.0
0.04000000000000002,psi_mid_correction_rad,8,+,link2_collision__target_contact_plate,0.002,0.667213255566393,0.667213255566393,0.0
0.04000000000000002,psi_mid_correction_rad,8,+,link3_collision__tumbling_target_geom,0.002,0.4778259413355664,0.4778259413355664,0.0
0.04000000000000002,psi_mid_correction_rad,8,+,link3_collision__target_contact_plate,0.002,0.49325818649638603,0.4936014861245176,0.0003432996281315659
0.04000000000000002,psi_mid_correction_rad,8,+,link4_collision__tumbling_target_geom,0.002,0.3384712739128943,0.3384712739128943,0.0
0.04000000000000002,psi_mid_correction_rad,8,+,link4_collision__target_contact_plate,0.002,0.35364223598099753,0.35364223598099753,0.0
0.04000000000000002,psi_mid_correction_rad,8,+,link5_collision__tumbling_target_geom,0.002,0.20587031350762874,0.20587031350762874,0.0
0.04000000000000002,psi_mid_correction_rad,8,+,link5_collision__target_contact_plate,0.002,0.27207361802883534,0.272302683572739,0.00022906554390367262
0.04000000000000002,psi_mid_correction_rad,8,+,link6_collision__tumbling_target_geom,0.002,0.12351099171716345,0.12351099171716345,0.0
0.04000000000000002,psi_mid_correction_rad,8,+,link6_collision__target_contact_plate,0.002,0.2430259616395393,0.24301337915885232,-1.258248068697343e-05
0.04000000000000002,psi_mid_correction_rad,8,+,link7_collision__tumbling_target_geom,0.002,0.2013986077319344,0.2014010325504278,2.4248184933850503e-06
0.04000000000000002,psi_mid_correction_rad,8,+,link7_collision__target_contact_plate,0.002,0.32526126614917356,0.3252635294428598,2.2632936862443387e-06
0.04000000000000002,psi_mid_correction_rad,8,+,gripper_contact_pad__tumbling_target_geom,-0.002,0.33195592226858067,0.33195858014845925,2.6578798785759084e-06
0.04000000000000002,psi_mid_correction_rad,8,+,n206_spacer__tumbling_target_geom,0.002,0.3188810345681176,0.31888367925663513,2.644688517516869e-06
0.04000000000000002,psi_mid_correction_rad,8,+,n206_spacer__target_contact_plate,0.002,0.44042482689835377,0.4404272795415071,2.4526431533500315e-06
0.04000000000000002,psi_mid_correction_rad,8,+,n206_spacer__satellite_base_collision,0.045,0.42003842890396015,0.42003842890396015,0.0
0.04000000000000002,psi_mid_correction_rad,8,+,n206_spacer__link0_collision,0.045,0.5600732877069485,0.5600732877069485,0.0
0.04000000000000002,psi_mid_correction_rad,8,+,n206_spacer__link1_collision,0.045,0.5542317018839666,0.5542317018839666,0.0
0.04000000000000002,psi_mid_correction_rad,8,+,n206_spacer__link2_collision,0.045,0.5005996042062836,0.5005996042062836,0.0
0.04000000000000002,psi_mid_correction_rad,8,+,n206_spacer__link3_collision,0.045,0.46916503801929016,0.46916503801929016,0.0
0.04000000000000002,psi_mid_correction_rad,8,+,n206_spacer__link4_collision,0.045,0.3313569654134675,0.3313569654134675,0.0
0.04000000000000002,psi_mid_correction_rad,8,+,n206_spacer__link5_collision,0.045,0.11116026190859375,0.11116026190859375,0.0
0.04000000000000002,psi_mid_correction_rad,8,+,n206_spacer__link6_collision,0.045,0.08391401432515856,0.08391401432515856,0.0
0.04000000000000002,psi_mid_correction_rad,8,+,n206_spacer__workspace_obstacle_0,0.045,1.955,1.955,0.0
0.04000000000000002,psi_mid_correction_rad,8,+,gripper_contact_pad__satellite_base_collision,0.045,0.4150925460533493,0.4150925460533493,0.0
0.04000000000000002,psi_mid_correction_rad,8,+,gripper_contact_pad__link0_collision,0.045,0.5587182145753508,0.5587182145753508,0.0
0.04000000000000002,psi_mid_correction_rad,8,+,gripper_contact_pad__link1_collision,0.045,0.5543550669481452,0.5543550669481452,0.0
0.04000000000000002,psi_mid_correction_rad,8,+,gripper_contact_pad__link2_collision,0.045,0.5050458784078673,0.5050458784078673,0.0
0.04000000000000002,psi_mid_correction_rad,8,+,gripper_contact_pad__link3_collision,0.045,0.47622973448154254,0.47622973448154254,0.0
0.04000000000000002,psi_mid_correction_rad,8,+,gripper_contact_pad__link4_collision,0.045,0.33872565433463153,0.33872565433463153,0.0
0.04000000000000002,psi_mid_correction_rad,8,+,gripper_contact_pad__link5_collision,0.045,0.11938028637980468,0.11938028637980468,0.0
0.04000000000000002,psi_mid_correction_rad,8,+,gripper_contact_pad__link6_collision,0.045,0.09371401399114006,0.09371401399114006,0.0
0.04000000000000002,psi_mid_correction_rad,8,+,gripper_contact_pad__workspace_obstacle_0,0.045,1.955,1.955,0.0
0.04000000000000002,psi_end_correction_rad,9,-,link2_to_satellite,0.045,0.2585197486683958,0.2585197486683958,0.0
0.04000000000000002,psi_end_correction_rad,9,-,link3_to_satellite,0.045,0.44257066239394616,0.44256655063294836,-4.111760997793645e-06
0.04000000000000002,psi_end_correction_rad,9,-,link4_to_satellite,0.045,0.4819721800138577,0.48197771667991,5.536666052297079e-06
0.04000000000000002,psi_end_correction_rad,9,-,link5_to_satellite,0.045,0.4383407921912309,0.4383407921912309,0.0
0.04000000000000002,psi_end_correction_rad,9,-,link6_to_satellite,0.045,0.43783529678432626,0.43783529678432626,0.0
0.04000000000000002,psi_end_correction_rad,9,-,link7_to_satellite,0.045,0.4197635279366171,0.4197635279366171,0.0
0.04000000000000002,psi_end_correction_rad,9,-,link0_to_link4,0.045,0.4394786800302973,0.4394810375391991,2.357508901817962e-06
0.04000000000000002,psi_end_correction_rad,9,-,link0_to_link5,0.045,0.4459815492679471,0.4459815492679471,0.0
0.04000000000000002,psi_end_correction_rad,9,-,link0_to_link6,0.045,0.48957207862508484,0.48957207862508484,0.0
0.04000000000000002,psi_end_correction_rad,9,-,link0_to_link7,0.045,0.5507945616965172,0.5507945616965172,0.0
0.04000000000000002,psi_end_correction_rad,9,-,link1_to_link5,0.045,0.31738642883725326,0.31738642883725326,0.0
0.04000000000000002,psi_end_correction_rad,9,-,link1_to_link6,0.045,0.42375209678730713,0.42375209678730713,0.0
0.04000000000000002,psi_end_correction_rad,9,-,link1_to_link7,0.045,0.5377016290881946,0.5377016290881946,0.0
0.04000000000000002,psi_end_correction_rad,9,-,link2_to_link6,0.045,0.3215836013680858,0.3215836013680858,0.0
0.04000000000000002,psi_end_correction_rad,9,-,link2_to_link7,0.045,0.44338962314872227,0.44338962314872227,0.0
0.04000000000000002,psi_end_correction_rad,9,-,link3_to_link7,0.045,0.373761608202739,0.373761608202739,0.0
0.04000000000000002,psi_end_correction_rad,9,-,satellite_base_collision__tumbling_target_geom,0.002,0.7757950215940717,0.7757950215940717,0.0
0.04000000000000002,psi_end_correction_rad,9,-,satellite_base_collision__target_contact_plate,0.002,0.8444801154397,0.8444778409552445,-2.2744844555555588e-06
0.04000000000000002,psi_end_correction_rad,9,-,link0_collision__tumbling_target_geom,0.002,0.838032574320141,0.838032574320141,0.0
0.04000000000000002,psi_end_correction_rad,9,-,link0_collision__target_contact_plate,0.002,0.892982891943275,0.8929873443885721,4.452445297120633e-06
0.04000000000000002,psi_end_correction_rad,9,-,link1_collision__tumbling_target_geom,0.002,0.7578037030833289,0.7578037030833289,0.0
0.04000000000000002,psi_end_correction_rad,9,-,link1_collision__target_contact_plate,0.002,0.7887435326473898,0.7887435326473898,0.0
0.04000000000000002,psi_end_correction_rad,9,-,link2_collision__tumbling_target_geom,0.002,0.6365606738588148,0.6365606738588148,0.0
0.04000000000000002,psi_end_correction_rad,9,-,link2_collision__target_contact_plate,0.002,0.667213255566393,0.667213255566393,0.0
0.04000000000000002,psi_end_correction_rad,9,-,link3_collision__tumbling_target_geom,0.002,0.4778259413355664,0.4778259413355664,0.0
0.04000000000000002,psi_end_correction_rad,9,-,link3_collision__target_contact_plate,0.002,0.49325818649638603,0.4932077732383366,-5.041325804944208e-05
0.04000000000000002,psi_end_correction_rad,9,-,link4_collision__tumbling_target_geom,0.002,0.3384712739128943,0.3384712739128943,0.0
0.04000000000000002,psi_end_correction_rad,9,-,link4_collision__target_contact_plate,0.002,0.35364223598099753,0.35364223598099753,0.0
0.04000000000000002,psi_end_correction_rad,9,-,link5_collision__tumbling_target_geom,0.002,0.20587031350762874,0.20587031350762874,0.0
0.04000000000000002,psi_end_correction_rad,9,-,link5_collision__target_contact_plate,0.002,0.27207361802883534,0.2720397521102928,-3.386591854254162e-05
0.04000000000000002,psi_end_correction_rad,9,-,link6_collision__tumbling_target_geom,0.002,0.12351099171716345,0.12351099171716345,0.0
0.04000000000000002,psi_end_correction_rad,9,-,link6_collision__target_contact_plate,0.002,0.2430259616395393,0.24302766387960797,1.7022400686794725e-06
0.04000000000000002,psi_end_correction_rad,9,-,link7_collision__tumbling_target_geom,0.002,0.2013986077319344,0.20139804708027698,-5.6065165743302e-07
0.04000000000000002,psi_end_correction_rad,9,-,link7_collision__target_contact_plate,0.002,0.32526126614917356,0.32526072884921325,-5.372999603014961e-07
0.04000000000000002,psi_end_correction_rad,9,-,gripper_contact_pad__tumbling_target_geom,-0.002,0.33195592226858067,0.3319553135380499,-6.087305307600488e-07
0.04000000000000002,psi_end_correction_rad,9,-,n206_spacer__tumbling_target_geom,0.002,0.3188810345681176,0.3188804286387979,-6.059293197191451e-07
0.04000000000000002,psi_end_correction_rad,9,-,n206_spacer__target_contact_plate,0.002,0.44042482689835377,0.4404242492055144,-5.776928393985692e-07
0.04000000000000002,psi_end_correction_rad,9,-,n206_spacer__satellite_base_collision,0.045,0.42003842890396015,0.42003842890396015,0.0
0.04000000000000002,psi_end_correction_rad,9,-,n206_spacer__link0_collision,0.045,0.5600732877069485,0.5600732877069485,0.0
0.04000000000000002,psi_end_correction_rad,9,-,n206_spacer__link1_collision,0.045,0.5542317018839666,0.5542317018839666,0.0
0.04000000000000002,psi_end_correction_rad,9,-,n206_spacer__link2_collision,0.045,0.5005996042062836,0.5005996042062836,0.0
0.04000000000000002,psi_end_correction_rad,9,-,n206_spacer__link3_collision,0.045,0.46916503801929016,0.46916503801929016,0.0
0.04000000000000002,psi_end_correction_rad,9,-,n206_spacer__link4_collision,0.045,0.3313569654134675,0.3313569654134675,0.0
0.04000000000000002,psi_end_correction_rad,9,-,n206_spacer__link5_collision,0.045,0.11116026190859375,0.11116026190859375,0.0
0.04000000000000002,psi_end_correction_rad,9,-,n206_spacer__link6_collision,0.045,0.08391401432515856,0.08391401432515856,0.0
0.04000000000000002,psi_end_correction_rad,9,-,n206_spacer__workspace_obstacle_0,0.045,1.955,1.955,0.0
0.04000000000000002,psi_end_correction_rad,9,-,gripper_contact_pad__satellite_base_collision,0.045,0.4150925460533493,0.4150925460533493,0.0
0.04000000000000002,psi_end_correction_rad,9,-,gripper_contact_pad__link0_collision,0.045,0.5587182145753508,0.5587182145753508,0.0
0.04000000000000002,psi_end_correction_rad,9,-,gripper_contact_pad__link1_collision,0.045,0.5543550669481452,0.5543550669481452,0.0
0.04000000000000002,psi_end_correction_rad,9,-,gripper_contact_pad__link2_collision,0.045,0.5050458784078673,0.5050458784078673,0.0
0.04000000000000002,psi_end_correction_rad,9,-,gripper_contact_pad__link3_collision,0.045,0.47622973448154254,0.47622973448154254,0.0
0.04000000000000002,psi_end_correction_rad,9,-,gripper_contact_pad__link4_collision,0.045,0.33872565433463153,0.33872565433463153,0.0
0.04000000000000002,psi_end_correction_rad,9,-,gripper_contact_pad__link5_collision,0.045,0.11938028637980468,0.11938028637980468,0.0
0.04000000000000002,psi_end_correction_rad,9,-,gripper_contact_pad__link6_collision,0.045,0.09371401399114006,0.09371401399113995,-1.1102230246251565e-16
0.04000000000000002,psi_end_correction_rad,9,-,gripper_contact_pad__workspace_obstacle_0,0.045,1.955,1.955,0.0
0.04000000000000002,psi_end_correction_rad,10,+,link2_to_satellite,0.045,0.2585197486683958,0.2585197486683958,0.0
0.04000000000000002,psi_end_correction_rad,10,+,link3_to_satellite,0.045,0.44257066239394616,0.4425747560817288,4.09368778264696e-06
0.04000000000000002,psi_end_correction_rad,10,+,link4_to_satellite,0.045,0.4819721800138577,0.48196663789946464,-5.5421143930756145e-06
0.04000000000000002,psi_end_correction_rad,10,+,link5_to_satellite,0.045,0.4383407921912309,0.4383407921912309,0.0
0.04000000000000002,psi_end_correction_rad,10,+,link6_to_satellite,0.045,0.43783529678432626,0.43783529678432626,0.0
0.04000000000000002,psi_end_correction_rad,10,+,link7_to_satellite,0.045,0.4197635279366171,0.4197635279366171,0.0
0.04000000000000002,psi_end_correction_rad,10,+,link0_to_link4,0.045,0.4394786800302973,0.439476309705782,-2.3703245152773e-06
0.04000000000000002,psi_end_correction_rad,10,+,link0_to_link5,0.045,0.4459815492679471,0.4459815492679471,0.0
0.04000000000000002,psi_end_correction_rad,10,+,link0_to_link6,0.045,0.48957207862508484,0.48957207862508484,0.0
0.04000000000000002,psi_end_correction_rad,10,+,link0_to_link7,0.045,0.5507945616965172,0.5507945616965172,0.0
0.04000000000000002,psi_end_correction_rad,10,+,link1_to_link5,0.045,0.31738642883725326,0.31738642883725326,0.0
0.04000000000000002,psi_end_correction_rad,10,+,link1_to_link6,0.045,0.42375209678730713,0.42375209678730713,0.0
0.04000000000000002,psi_end_correction_rad,10,+,link1_to_link7,0.045,0.5377016290881946,0.5377016290881946,0.0
0.04000000000000002,psi_end_correction_rad,10,+,link2_to_link6,0.045,0.3215836013680858,0.3215836013680858,0.0
0.04000000000000002,psi_end_correction_rad,10,+,link2_to_link7,0.045,0.44338962314872227,0.44338962314872227,0.0
0.04000000000000002,psi_end_correction_rad,10,+,link3_to_link7,0.045,0.373761608202739,0.373761608202739,0.0
0.04000000000000002,psi_end_correction_rad,10,+,satellite_base_collision__tumbling_target_geom,0.002,0.7757950215940717,0.7757950215940717,0.0
0.04000000000000002,psi_end_correction_rad,10,+,satellite_base_collision__target_contact_plate,0.002,0.8444801154397,0.8444823890924231,2.2736527230948766e-06
0.04000000000000002,psi_end_correction_rad,10,+,link0_collision__tumbling_target_geom,0.002,0.838032574320141,0.838032574320141,0.0
0.04000000000000002,psi_end_correction_rad,10,+,link0_collision__target_contact_plate,0.002,0.892982891943275,0.8929784384203123,-4.453522962633016e-06
0.04000000000000002,psi_end_correction_rad,10,+,link1_collision__tumbling_target_geom,0.002,0.7578037030833289,0.7578037030833289,0.0
0.04000000000000002,psi_end_correction_rad,10,+,link1_collision__target_contact_plate,0.002,0.7887435326473898,0.7887435326473898,0.0
0.04000000000000002,psi_end_correction_rad,10,+,link2_collision__tumbling_target_geom,0.002,0.6365606738588148,0.6365606738588148,0.0
0.04000000000000002,psi_end_correction_rad,10,+,link2_collision__target_contact_plate,0.002,0.667213255566393,0.667213255566393,0.0
0.04000000000000002,psi_end_correction_rad,10,+,link3_collision__tumbling_target_geom,0.002,0.4778259413355664,0.4778259413355664,0.0
0.04000000000000002,psi_end_correction_rad,10,+,link3_collision__target_contact_plate,0.002,0.49325818649638603,0.4933086503669464,5.0463870560346624e-05
0.04000000000000002,psi_end_correction_rad,10,+,link4_collision__tumbling_target_geom,0.002,0.3384712739128943,0.3384712739128943,0.0
0.04000000000000002,psi_end_correction_rad,10,+,link4_collision__target_contact_plate,0.002,0.35364223598099753,0.35364223598099753,0.0
0.04000000000000002,psi_end_correction_rad,10,+,link5_collision__tumbling_target_geom,0.002,0.20587031350762874,0.20587031350762874,0.0
0.04000000000000002,psi_end_correction_rad,10,+,link5_collision__target_contact_plate,0.002,0.27207361802883534,0.27210746442291395,3.384639407860712e-05
0.04000000000000002,psi_end_correction_rad,10,+,link6_collision__tumbling_target_geom,0.002,0.12351099171716345,0.12351099171716345,0.0
0.04000000000000002,psi_end_correction_rad,10,+,link6_collision__target_contact_plate,0.002,0.2430259616395393,0.24302423672937187,-1.7249101674221556e-06
0.04000000000000002,psi_end_correction_rad,10,+,link7_collision__tumbling_target_geom,0.002,0.2013986077319344,0.2013991319674017,5.242354672863048e-07
0.04000000000000002,psi_end_correction_rad,10,+,link7_collision__target_contact_plate,0.002,0.32526126614917356,0.3252617682329991,5.020838255709315e-07
0.04000000000000002,psi_end_correction_rad,10,+,gripper_contact_pad__tumbling_target_geom,-0.002,0.33195592226858067,0.33195649102793284,5.687593521708223e-07
0.04000000000000002,psi_end_correction_rad,10,+,n206_spacer__tumbling_target_geom,0.002,0.3188810345681176,0.3188816007304456,5.66162327964026e-07
0.04000000000000002,psi_end_correction_rad,10,+,n206_spacer__target_contact_plate,0.002,0.44042482689835377,0.4404253661563519,5.392579981444712e-07
0.04000000000000002,psi_end_correction_rad,10,+,n206_spacer__satellite_base_collision,0.045,0.42003842890396015,0.42003842890396015,0.0
0.04000000000000002,psi_end_correction_rad,10,+,n206_spacer__link0_collision,0.045,0.5600732877069485,0.5600732877069485,0.0
0.04000000000000002,psi_end_correction_rad,10,+,n206_spacer__link1_collision,0.045,0.5542317018839666,0.5542317018839666,0.0
0.04000000000000002,psi_end_correction_rad,10,+,n206_spacer__link2_collision,0.045,0.5005996042062836,0.5005996042062836,0.0
0.04000000000000002,psi_end_correction_rad,10,+,n206_spacer__link3_collision,0.045,0.46916503801929016,0.46916503801929016,0.0
0.04000000000000002,psi_end_correction_rad,10,+,n206_spacer__link4_collision,0.045,0.3313569654134675,0.3313569654134675,0.0
0.04000000000000002,psi_end_correction_rad,10,+,n206_spacer__link5_collision,0.045,0.11116026190859375,0.11116026190859375,0.0
0.04000000000000002,psi_end_correction_rad,10,+,n206_spacer__link6_collision,0.045,0.08391401432515856,0.08391401432515856,0.0
0.04000000000000002,psi_end_correction_rad,10,+,n206_spacer__workspace_obstacle_0,0.045,1.955,1.955,0.0
0.04000000000000002,psi_end_correction_rad,10,+,gripper_contact_pad__satellite_base_collision,0.045,0.4150925460533493,0.4150925460533493,0.0
0.04000000000000002,psi_end_correction_rad,10,+,gripper_contact_pad__link0_collision,0.045,0.5587182145753508,0.5587182145753508,0.0
0.04000000000000002,psi_end_correction_rad,10,+,gripper_contact_pad__link1_collision,0.045,0.5543550669481452,0.5543550669481452,0.0
0.04000000000000002,psi_end_correction_rad,10,+,gripper_contact_pad__link2_collision,0.045,0.5050458784078673,0.5050458784078673,0.0
0.04000000000000002,psi_end_correction_rad,10,+,gripper_contact_pad__link3_collision,0.045,0.47622973448154254,0.47622973448154254,0.0
0.04000000000000002,psi_end_correction_rad,10,+,gripper_contact_pad__link4_collision,0.045,0.33872565433463153,0.33872565433463153,0.0
0.04000000000000002,psi_end_correction_rad,10,+,gripper_contact_pad__link5_collision,0.045,0.11938028637980468,0.11938028637980468,0.0
0.04000000000000002,psi_end_correction_rad,10,+,gripper_contact_pad__link6_collision,0.045,0.09371401399114006,0.09371401399114006,0.0
0.04000000000000002,psi_end_correction_rad,10,+,gripper_contact_pad__workspace_obstacle_0,0.045,1.955,1.955,0.0
2.999999999999891,remaining_time_s,1,-,link2_to_satellite,0.045,0.2550100594499864,0.2549712146109506,-3.884483903576763e-05
2.999999999999891,remaining_time_s,1,-,link3_to_satellite,0.045,0.35401189879617595,0.3516009944481971,-0.0024109043479788594
2.999999999999891,remaining_time_s,1,-,link4_to_satellite,0.045,0.36728008720872324,0.3637536704789224,-0.003526416729800863
2.999999999999891,remaining_time_s,1,-,link5_to_satellite,0.045,0.4053839598829843,0.40427768040059486,-0.0011062794823894495
2.999999999999891,remaining_time_s,1,-,link6_to_satellite,0.045,0.43829592454873134,0.439522227055067,0.0012263025063356525
2.999999999999891,remaining_time_s,1,-,link7_to_satellite,0.045,0.4944768131645247,0.4944768131645247,0.0
2.999999999999891,remaining_time_s,1,-,link0_to_link4,0.045,0.35791871418438886,0.35609089508272684,-0.0018278191016620204
2.999999999999891,remaining_time_s,1,-,link0_to_link5,0.045,0.4467756707924806,0.4464164793429224,-0.0003591914495582049
2.999999999999891,remaining_time_s,1,-,link0_to_link6,0.045,0.4866991374382887,0.4866991374382887,0.0
2.999999999999891,remaining_time_s,1,-,link0_to_link7,0.045,0.57494055276315,0.57494055276315,0.0
2.999999999999891,remaining_time_s,1,-,link1_to_link5,0.045,0.3438339930898615,0.3438339930898615,0.0
2.999999999999891,remaining_time_s,1,-,link1_to_link6,0.045,0.4169299491171001,0.4169299491171001,0.0
2.999999999999891,remaining_time_s,1,-,link1_to_link7,0.045,0.5255854187117294,0.5255854187117294,0.0
2.999999999999891,remaining_time_s,1,-,link2_to_link6,0.045,0.28048244439424685,0.28048244439424685,0.0
2.999999999999891,remaining_time_s,1,-,link2_to_link7,0.045,0.40215979808825697,0.40206498329196066,-9.481479629630529e-05
2.999999999999891,remaining_time_s,1,-,link3_to_link7,0.045,0.3761764536509402,0.3761764536509402,0.0
2.999999999999891,remaining_time_s,1,-,satellite_base_collision__tumbling_target_geom,0.002,0.7706904837043022,0.7704922155190076,-0.00019826818529455892
2.999999999999891,remaining_time_s,1,-,satellite_base_collision__target_contact_plate,0.002,0.810753505658701,0.8105524877305598,-0.00020101792814120056
2.999999999999891,remaining_time_s,1,-,link0_collision__tumbling_target_geom,0.002,0.8675276236442386,0.8675276236442386,0.0
2.999999999999891,remaining_time_s,1,-,link0_collision__target_contact_plate,0.002,0.8931866920901979,0.8931866920901979,0.0
2.999999999999891,remaining_time_s,1,-,link1_collision__tumbling_target_geom,0.002,0.7991971945206834,0.7991971945206834,0.0
2.999999999999891,remaining_time_s,1,-,link1_collision__target_contact_plate,0.002,0.8023312592477693,0.8023312592477693,0.0
2.999999999999891,remaining_time_s,1,-,link2_collision__tumbling_target_geom,0.002,0.64332073331454,0.64332073331454,0.0
2.999999999999891,remaining_time_s,1,-,link2_collision__target_contact_plate,0.002,0.6449149345934124,0.6449149345934124,0.0
2.999999999999891,remaining_time_s,1,-,link3_collision__tumbling_target_geom,0.002,0.49423898248287707,0.49423898248287707,0.0
2.999999999999891,remaining_time_s,1,-,link3_collision__target_contact_plate,0.002,0.5015071595656252,0.5015071595656252,0.0
2.999999999999891,remaining_time_s,1,-,link4_collision__tumbling_target_geom,0.002,0.36721613401084274,0.36721613401084274,0.0
2.999999999999891,remaining_time_s,1,-,link4_collision__target_contact_plate,0.002,0.3672161340108428,0.3672161340108428,0.0
2.999999999999891,remaining_time_s,1,-,link5_collision__tumbling_target_geom,0.002,0.19368762084155094,0.19368763044143728,9.599886330313723e-09
2.999999999999891,remaining_time_s,1,-,link5_collision__target_contact_plate,0.002,0.19993600608384263,0.19987404859274996,-6.19574910926679e-05
2.999999999999891,remaining_time_s,1,-,link6_collision__tumbling_target_geom,0.002,0.15485410158876814,0.15485410158876814,0.0
2.999999999999891,remaining_time_s,1,-,link6_collision__target_contact_plate,0.002,0.1927312079554138,0.19108066980352456,-0.0016505381518892304
2.999999999999891,remaining_time_s,1,-,link7_collision__tumbling_target_geom,0.002,0.11996176716141795,0.11833913897684743,-0.0016226281845705126
2.999999999999891,remaining_time_s,1,-,link7_collision__target_contact_plate,0.002,0.18741338665523505,0.1851439148959553,-0.0022694717592797453
2.999999999999891,remaining_time_s,1,-,gripper_contact_pad__tumbling_target_geom,-0.002,0.13599390166984057,0.13401673292446034,-0.001977168745380231
2.999999999999891,remaining_time_s,1,-,n206_spacer__tumbling_target_geom,0.002,0.13196606099769406,0.13001500560114218,-0.0019510553965518818
2.999999999999891,remaining_time_s,1,-,n206_spacer__target_contact_plate,0.002,0.2170715217328163,0.21414053976490816,-0.0029309819679081417
2.999999999999891,remaining_time_s,1,-,n206_spacer__satellite_base_collision,0.045,0.5068362077562499,0.5068362077562499,0.0
2.999999999999891,remaining_time_s,1,-,n206_spacer__link0_collision,0.045,0.6168090410105412,0.6168090410105412,0.0
2.999999999999891,remaining_time_s,1,-,n206_spacer__link1_collision,0.045,0.6012519597607741,0.6012519597607741,0.0
2.999999999999891,remaining_time_s,1,-,n206_spacer__link2_collision,0.045,0.49898760252528634,0.49898760252528634,0.0
2.999999999999891,remaining_time_s,1,-,n206_spacer__link3_collision,0.045,0.48234406825471604,0.48234406825471604,0.0
2.999999999999891,remaining_time_s,1,-,n206_spacer__link4_collision,0.045,0.33466370288994646,0.3339997321689618,-0.0006639707209846746
2.999999999999891,remaining_time_s,1,-,n206_spacer__link5_collision,0.045,0.11183211356575272,0.1116595385722411,-0.00017257499351161498
2.999999999999891,remaining_time_s,1,-,n206_spacer__link6_collision,0.045,0.08391401432514524,0.08391401432513955,-5.689893001203927e-15
2.999999999999891,remaining_time_s,1,-,n206_spacer__workspace_obstacle_0,0.045,1.955,1.955,0.0
2.999999999999891,remaining_time_s,1,-,gripper_contact_pad__satellite_base_collision,0.045,0.5067243101077546,0.5067243101077546,0.0
2.999999999999891,remaining_time_s,1,-,gripper_contact_pad__link0_collision,0.045,0.6199291475002481,0.6199291475002481,0.0
2.999999999999891,remaining_time_s,1,-,gripper_contact_pad__link1_collision,0.045,0.6062427090279173,0.6062427090279173,0.0
2.999999999999891,remaining_time_s,1,-,gripper_contact_pad__link2_collision,0.045,0.5063381204736694,0.5063381204736694,0.0
2.999999999999891,remaining_time_s,1,-,gripper_contact_pad__link3_collision,0.045,0.49036571853606886,0.49036571853606886,0.0
2.999999999999891,remaining_time_s,1,-,gripper_contact_pad__link4_collision,0.045,0.34225608228532545,0.3415264569294875,-0.0007296253558379262
2.999999999999891,remaining_time_s,1,-,gripper_contact_pad__link5_collision,0.045,0.11997960011198285,0.11982388525994321,-0.00015571485203963453
2.999999999999891,remaining_time_s,1,-,gripper_contact_pad__link6_collision,0.045,0.09371401399110922,0.09371401399110434,-4.884981308350689e-15
2.999999999999891,remaining_time_s,1,-,gripper_contact_pad__workspace_obstacle_0,0.045,1.955,1.955,0.0
2.999999999999891,remaining_time_s,2,+,link2_to_satellite,0.045,0.2550100594499864,0.25502422915802214,1.4169708035749462e-05
2.999999999999891,remaining_time_s,2,+,link3_to_satellite,0.045,0.35401189879617595,0.3547925238866663,0.0007806250904903722
2.999999999999891,remaining_time_s,2,+,link4_to_satellite,0.045,0.36728008720872324,0.3684201790897739,0.0011400918810506866
2.999999999999891,remaining_time_s,2,+,link5_to_satellite,0.045,0.4053839598829843,0.4057608512120474,0.0003768913290631004
2.999999999999891,remaining_time_s,2,+,link6_to_satellite,0.045,0.43829592454873134,0.43793708845484236,-0.0003588360938889812
2.999999999999891,remaining_time_s,2,+,link7_to_satellite,0.045,0.4944768131645247,0.4944768131645247,0.0
2.999999999999891,remaining_time_s,2,+,link0_to_link4,0.045,0.35791871418438886,0.3585099322431103,0.0005912180587214211
2.999999999999891,remaining_time_s,2,+,link0_to_link5,0.045,0.4467756707924806,0.4469049344832806,0.00012926369080001887
2.999999999999891,remaining_time_s,2,+,link0_to_link6,0.045,0.4866991374382887,0.4866991374382887,0.0
2.999999999999891,remaining_time_s,2,+,link0_to_link7,0.045,0.57494055276315,0.57494055276315,0.0
2.999999999999891,remaining_time_s,2,+,link1_to_link5,0.045,0.3438339930898615,0.3438339930898615,0.0
2.999999999999891,remaining_time_s,2,+,link1_to_link6,0.045,0.4169299491171001,0.4169299491171001,0.0
2.999999999999891,remaining_time_s,2,+,link1_to_link7,0.045,0.5255854187117294,0.5255854187117294,0.0
2.999999999999891,remaining_time_s,2,+,link2_to_link6,0.045,0.28048244439424685,0.28048244439424685,0.0
2.999999999999891,remaining_time_s,2,+,link2_to_link7,0.045,0.40215979808825697,0.40219253385296944,3.2735764712465976e-05
2.999999999999891,remaining_time_s,2,+,link3_to_link7,0.045,0.3761764536509402,0.3761764536509402,0.0
2.999999999999891,remaining_time_s,2,+,satellite_base_collision__tumbling_target_geom,0.002,0.7706904837043022,0.7707456885341568,5.520482985466035e-05
2.999999999999891,remaining_time_s,2,+,satellite_base_collision__target_contact_plate,0.002,0.810753505658701,0.8108203203310098,6.681467230884586e-05
2.999999999999891,remaining_time_s,2,+,link0_collision__tumbling_target_geom,0.002,0.8675276236442386,0.8675276236442386,0.0
2.999999999999891,remaining_time_s,2,+,link0_collision__target_contact_plate,0.002,0.8931866920901979,0.8931866920901979,0.0
2.999999999999891,remaining_time_s,2,+,link1_collision__tumbling_target_geom,0.002,0.7991971945206834,0.7991971945206834,0.0
2.999999999999891,remaining_time_s,2,+,link1_collision__target_contact_plate,0.002,0.8023312592477693,0.8023312592477693,0.0
2.999999999999891,remaining_time_s,2,+,link2_collision__tumbling_target_geom,0.002,0.64332073331454,0.64332073331454,0.0
2.999999999999891,remaining_time_s,2,+,link2_collision__target_contact_plate,0.002,0.6449149345934124,0.6449149345934124,0.0
2.999999999999891,remaining_time_s,2,+,link3_collision__tumbling_target_geom,0.002,0.49423898248287707,0.49423898248287707,0.0
2.999999999999891,remaining_time_s,2,+,link3_collision__target_contact_plate,0.002,0.5015071595656252,0.5015071595656252,0.0
2.999999999999891,remaining_time_s,2,+,link4_collision__tumbling_target_geom,0.002,0.36721613401084274,0.36721613401084274,0.0
2.999999999999891,remaining_time_s,2,+,link4_collision__target_contact_plate,0.002,0.3672161340108428,0.3672161340108428,0.0
2.999999999999891,remaining_time_s,2,+,link5_collision__tumbling_target_geom,0.002,0.19368762084155094,0.19368761795199757,-2.8895533743522606e-09
2.999999999999891,remaining_time_s,2,+,link5_collision__target_contact_plate,0.002,0.19993600608384263,0.19994949028022346,1.348419638083631e-05
2.999999999999891,remaining_time_s,2,+,link6_collision__tumbling_target_geom,0.002,0.15485410158876814,0.15485410158876814,0.0
2.999999999999891,remaining_time_s,2,+,link6_collision__target_contact_plate,0.002,0.1927312079554138,0.19324304086656682,0.0005118329111530318
2.999999999999891,remaining_time_s,2,+,link7_collision__tumbling_target_geom,0.002,0.11996176716141795,0.12049248650931477,0.0005307193478968214
2.999999999999891,remaining_time_s,2,+,link7_collision__target_contact_plate,0.002,0.18741338665523505,0.18812736034334673,0.0007139736881116854
2.999999999999891,remaining_time_s,2,+,gripper_contact_pad__tumbling_target_geom,-0.002,0.13599390166984057,0.1366421520487509,0.0006482503789103367
2.999999999999891,remaining_time_s,2,+,n206_spacer__tumbling_target_geom,0.002,0.13196606099769406,0.13259820653686,0.0006321455391659347
2.999999999999891,remaining_time_s,2,+,n206_spacer__target_contact_plate,0.002,0.2170715217328163,0.21802291564044185,0.0009513939076255529
2.999999999999891,remaining_time_s,2,+,n206_spacer__satellite_base_collision,0.045,0.5068362077562499,0.5068362077562499,0.0
2.999999999999891,remaining_time_s,2,+,n206_spacer__link0_collision,0.045,0.6168090410105412,0.6168090410105412,0.0
2.999999999999891,remaining_time_s,2,+,n206_spacer__link1_collision,0.045,0.6012519597607741,0.6012519597607741,0.0
2.999999999999891,remaining_time_s,2,+,n206_spacer__link2_collision,0.045,0.49898760252528634,0.49898760252528634,0.0
2.999999999999891,remaining_time_s,2,+,n206_spacer__link3_collision,0.045,0.48234406825471604,0.48234406825471604,0.0
2.999999999999891,remaining_time_s,2,+,n206_spacer__link4_collision,0.045,0.33466370288994646,0.3348603696307647,0.00019666674081825208
2.999999999999891,remaining_time_s,2,+,n206_spacer__link5_collision,0.045,0.11183211356575272,0.11188670267704302,5.458911129030408e-05
2.999999999999891,remaining_time_s,2,+,n206_spacer__link6_collision,0.045,0.08391401432514524,0.0839140143251207,-2.453592884421596e-14
2.999999999999891,remaining_time_s,2,+,n206_spacer__workspace_obstacle_0,0.045,1.955,1.955,0.0
2.999999999999891,remaining_time_s,2,+,gripper_contact_pad__satellite_base_collision,0.045,0.5067243101077546,0.5067243101077546,0.0
2.999999999999891,remaining_time_s,2,+,gripper_contact_pad__link0_collision,0.045,0.6199291475002481,0.6199291475002481,0.0
2.999999999999891,remaining_time_s,2,+,gripper_contact_pad__link1_collision,0.045,0.6062427090279173,0.6062427090279173,0.0
2.999999999999891,remaining_time_s,2,+,gripper_contact_pad__link2_collision,0.045,0.5063381204736694,0.5063381204736694,0.0
2.999999999999891,remaining_time_s,2,+,gripper_contact_pad__link3_collision,0.045,0.49036571853606886,0.49036571853606886,0.0
2.999999999999891,remaining_time_s,2,+,gripper_contact_pad__link4_collision,0.045,0.34225608228532545,0.3424728257034084,0.00021674341808297637
2.999999999999891,remaining_time_s,2,+,gripper_contact_pad__link5_collision,0.045,0.11997960011198285,0.12002905100051629,4.94508885334477e-05
2.999999999999891,remaining_time_s,2,+,gripper_contact_pad__link6_collision,0.045,0.09371401399110922,0.09371401399114736,3.813616089587413e-14
2.999999999999891,remaining_time_s,2,+,gripper_contact_pad__workspace_obstacle_0,0.045,1.955,1.955,0.0
2.999999999999891,normal_bump_m,3,-,link2_to_satellite,0.045,0.2550100594499864,0.25500928886058544,-7.705894009557568e-07
2.999999999999891,normal_bump_m,3,-,link3_to_satellite,0.045,0.35401189879617595,0.35398850919815994,-2.338959801601037e-05
2.999999999999891,normal_bump_m,3,-,link4_to_satellite,0.045,0.36728008720872324,0.36704185483110635,-0.0002382323776168871
2.999999999999891,normal_bump_m,3,-,link5_to_satellite,0.045,0.4053839598829843,0.4057783606819959,0.0003944007990115961
2.999999999999891,normal_bump_m,3,-,link6_to_satellite,0.045,0.43829592454873134,0.4392739970260605,0.0009780724773291727
2.999999999999891,normal_bump_m,3,-,link7_to_satellite,0.045,0.4944768131645247,0.4944768131645247,0.0
2.999999999999891,normal_bump_m,3,-,link0_to_link4,0.045,0.35791871418438886,0.35786104732755625,-5.766685683261663e-05
2.999999999999891,normal_bump_m,3,-,link0_to_link5,0.045,0.4467756707924806,0.4474797842110632,0.0007041134185826192
2.999999999999891,normal_bump_m,3,-,link0_to_link6,0.045,0.4866991374382887,0.4866991374382887,0.0
2.999999999999891,normal_bump_m,3,-,link0_to_link7,0.045,0.57494055276315,0.57494055276315,0.0
2.999999999999891,normal_bump_m,3,-,link1_to_link5,0.045,0.3438339930898615,0.3438339930898615,0.0
2.999999999999891,normal_bump_m,3,-,link1_to_link6,0.045,0.4169299491171001,0.4169299491171001,0.0
2.999999999999891,normal_bump_m,3,-,link1_to_link7,0.045,0.5255854187117294,0.5255854187117294,0.0
2.999999999999891,normal_bump_m,3,-,link2_to_link6,0.045,0.28048244439424685,0.28048244439424685,0.0
2.999999999999891,normal_bump_m,3,-,link2_to_link7,0.045,0.40215979808825697,0.40221500883514183,5.5210746884859496e-05
2.999999999999891,normal_bump_m,3,-,link3_to_link7,0.045,0.3761764536509402,0.3761764536509402,0.0
2.999999999999891,normal_bump_m,3,-,satellite_base_collision__tumbling_target_geom,0.002,0.7706904837043022,0.7707412676211844,5.0783916882291e-05
2.999999999999891,normal_bump_m,3,-,satellite_base_collision__target_contact_plate,0.002,0.810753505658701,0.8108040793533867,5.057369468575157e-05
2.999999999999891,normal_bump_m,3,-,link0_collision__tumbling_target_geom,0.002,0.8675276236442386,0.8675276236442386,0.0
2.999999999999891,normal_bump_m,3,-,link0_collision__target_contact_plate,0.002,0.8931866920901979,0.8931866920901979,0.0
2.999999999999891,normal_bump_m,3,-,link1_collision__tumbling_target_geom,0.002,0.7991971945206834,0.7991971945206834,0.0
2.999999999999891,normal_bump_m,3,-,link1_collision__target_contact_plate,0.002,0.8023312592477693,0.8023312592477693,0.0
2.999999999999891,normal_bump_m,3,-,link2_collision__tumbling_target_geom,0.002,0.64332073331454,0.64332073331454,0.0
2.999999999999891,normal_bump_m,3,-,link2_collision__target_contact_plate,0.002,0.6449149345934124,0.6449149345934124,0.0
2.999999999999891,normal_bump_m,3,-,link3_collision__tumbling_target_geom,0.002,0.49423898248287707,0.49423898248287707,0.0
2.999999999999891,normal_bump_m,3,-,link3_collision__target_contact_plate,0.002,0.5015071595656252,0.5015071595656252,0.0
2.999999999999891,normal_bump_m,3,-,link4_collision__tumbling_target_geom,0.002,0.36721613401084274,0.36721613401084274,0.0
2.999999999999891,normal_bump_m,3,-,link4_collision__target_contact_plate,0.002,0.3672161340108428,0.3672161340108428,0.0
2.999999999999891,normal_bump_m,3,-,link5_collision__tumbling_target_geom,0.002,0.19368762084155094,0.19368751774762702,-1.0309392392549022e-07
2.999999999999891,normal_bump_m,3,-,link5_collision__target_contact_plate,0.002,0.19993600608384263,0.1996238835366559,-0.0003121225471867384
2.999999999999891,normal_bump_m,3,-,link6_collision__tumbling_target_geom,0.002,0.15485410158876814,0.15485410158876814,0.0
2.999999999999891,normal_bump_m,3,-,link6_collision__target_contact_plate,0.002,0.1927312079554138,0.19142965781070304,-0.0013015501447107558
2.999999999999891,normal_bump_m,3,-,link7_collision__tumbling_target_geom,0.002,0.11996176716141795,0.11859002462259076,-0.0013717425388271864
2.999999999999891,normal_bump_m,3,-,link7_collision__target_contact_plate,0.002,0.18741338665523505,0.18622463561690564,-0.0011887510383294109
2.999999999999891,normal_bump_m,3,-,gripper_contact_pad__tumbling_target_geom,-0.002,0.13599390166984057,0.134738061566858,-0.001255840102982575
2.999999999999891,normal_bump_m,3,-,n206_spacer__tumbling_target_geom,0.002,0.13196606099769406,0.13069326031148953,-0.0012728006862045282
2.999999999999891,normal_bump_m,3,-,n206_spacer__target_contact_plate,0.002,0.2170715217328163,0.21626019677466157,-0.0008113249581547244
2.999999999999891,normal_bump_m,3,-,n206_spacer__satellite_base_collision,0.045,0.5068362077562499,0.5068362077562499,0.0
2.999999999999891,normal_bump_m,3,-,n206_spacer__link0_collision,0.045,0.6168090410105412,0.6168090410105412,0.0
2.999999999999891,normal_bump_m,3,-,n206_spacer__link1_collision,0.045,0.6012519597607741,0.6012519597607741,0.0
2.999999999999891,normal_bump_m,3,-,n206_spacer__link2_collision,0.045,0.49898760252528634,0.49898760252528634,0.0
2.999999999999891,normal_bump_m,3,-,n206_spacer__link3_collision,0.045,0.48234406825471604,0.48234406825471604,0.0
2.999999999999891,normal_bump_m,3,-,n206_spacer__link4_collision,0.045,0.33466370288994646,0.3346572151109039,-6.487779042552155e-06
2.999999999999891,normal_bump_m,3,-,n206_spacer__link5_collision,0.045,0.11183211356575272,0.11183161435813076,-4.992076219623165e-07
2.999999999999891,normal_bump_m,3,-,n206_spacer__link6_collision,0.045,0.08391401432514524,0.08391401432513433,-1.0907941216942163e-14
2.999999999999891,normal_bump_m,3,-,n206_spacer__workspace_obstacle_0,0.045,1.955,1.955,0.0
2.999999999999891,normal_bump_m,3,-,gripper_contact_pad__satellite_base_collision,0.045,0.5067243101077546,0.5067243101077546,0.0
2.999999999999891,normal_bump_m,3,-,gripper_contact_pad__link0_collision,0.045,0.6199291475002481,0.6199291475002481,0.0
2.999999999999891,normal_bump_m,3,-,gripper_contact_pad__link1_collision,0.045,0.6062427090279173,0.6062427090279173,0.0
2.999999999999891,normal_bump_m,3,-,gripper_contact_pad__link2_collision,0.045,0.5063381204736694,0.5063381204736694,0.0
2.999999999999891,normal_bump_m,3,-,gripper_contact_pad__link3_collision,0.045,0.49036571853606886,0.49036571853606886,0.0
2.999999999999891,normal_bump_m,3,-,gripper_contact_pad__link4_collision,0.045,0.34225608228532545,0.342250985088734,-5.097196591419273e-06
2.999999999999891,normal_bump_m,3,-,gripper_contact_pad__link5_collision,0.045,0.11997960011198285,0.11997914830206617,-4.5180991667392867e-07
2.999999999999891,normal_bump_m,3,-,gripper_contact_pad__link6_collision,0.045,0.09371401399110922,0.09371401399112574,1.6514567491299204e-14
2.999999999999891,normal_bump_m,3,-,gripper_contact_pad__workspace_obstacle_0,0.045,1.955,1.955,0.0
2.999999999999891,normal_bump_m,4,+,link2_to_satellite,0.045,0.2550100594499864,0.255010811613545,7.521635586038578e-07
2.999999999999891,normal_bump_m,4,+,link3_to_satellite,0.045,0.35401189879617595,0.3540343424335127,2.2443637336777567e-05
2.999999999999891,normal_bump_m,4,+,link4_to_satellite,0.045,0.36728008720872324,0.36751693499229726,0.00023684778357402347
2.999999999999891,normal_bump_m,4,+,link5_to_satellite,0.045,0.4053839598829843,0.40499200336976937,-0.0003919565132149416
2.999999999999891,normal_bump_m,4,+,link6_to_satellite,0.045,0.43829592454873134,0.4373200613492321,-0.0009758631994992162
2.999999999999891,normal_bump_m,4,+,link7_to_satellite,0.045,0.4944768131645247,0.4944768131645247,0.0
2.999999999999891,normal_bump_m,4,+,link0_to_link4,0.045,0.35791871418438886,0.3579745369882971,5.5822803908256446e-05
2.999999999999891,normal_bump_m,4,+,link0_to_link5,0.045,0.4467756707924806,0.4460721175537282,-0.0007035532387523746
2.999999999999891,normal_bump_m,4,+,link0_to_link6,0.045,0.4866991374382887,0.4866991374382887,0.0
2.999999999999891,normal_bump_m,4,+,link0_to_link7,0.045,0.57494055276315,0.57494055276315,0.0
2.999999999999891,normal_bump_m,4,+,link1_to_link5,0.045,0.3438339930898615,0.3438339930898615,0.0
2.999999999999891,normal_bump_m,4,+,link1_to_link6,0.045,0.4169299491171001,0.4169299491171001,0.0
2.999999999999891,normal_bump_m,4,+,link1_to_link7,0.045,0.5255854187117294,0.5255854187117294,0.0
2.999999999999891,normal_bump_m,4,+,link2_to_link6,0.045,0.28048244439424685,0.28048244439424685,0.0
2.999999999999891,normal_bump_m,4,+,link2_to_link7,0.045,0.40215979808825697,0.401837211333625,-0.0003225867546319816
2.999999999999891,normal_bump_m,4,+,link3_to_link7,0.045,0.3761764536509402,0.3761764536509402,0.0
2.999999999999891,normal_bump_m,4,+,satellite_base_collision__tumbling_target_geom,0.002,0.7706904837043022,0.7706298834795743,-6.060022472786919e-05
2.999999999999891,normal_bump_m,4,+,satellite_base_collision__target_contact_plate,0.002,0.810753505658701,0.8107031519768364,-5.035368186456779e-05
2.999999999999891,normal_bump_m,4,+,link0_collision__tumbling_target_geom,0.002,0.8675276236442386,0.8675276236442386,0.0
2.999999999999891,normal_bump_m,4,+,link0_collision__target_contact_plate,0.002,0.8931866920901979,0.8931866920901979,0.0
2.999999999999891,normal_bump_m,4,+,link1_collision__tumbling_target_geom,0.002,0.7991971945206834,0.7991971945206834,0.0
2.999999999999891,normal_bump_m,4,+,link1_collision__target_contact_plate,0.002,0.8023312592477693,0.8023312592477693,0.0
2.999999999999891,normal_bump_m,4,+,link2_collision__tumbling_target_geom,0.002,0.64332073331454,0.64332073331454,0.0
2.999999999999891,normal_bump_m,4,+,link2_collision__target_contact_plate,0.002,0.6449149345934124,0.6449149345934124,0.0
2.999999999999891,normal_bump_m,4,+,link3_collision__tumbling_target_geom,0.002,0.49423898248287707,0.49423898248287707,0.0
2.999999999999891,normal_bump_m,4,+,link3_collision__target_contact_plate,0.002,0.5015071595656252,0.5015071595656252,0.0
2.999999999999891,normal_bump_m,4,+,link4_collision__tumbling_target_geom,0.002,0.36721613401084274,0.36721613401084274,0.0
2.999999999999891,normal_bump_m,4,+,link4_collision__target_contact_plate,0.002,0.3672161340108428,0.3672161340108428,0.0
2.999999999999891,normal_bump_m,4,+,link5_collision__tumbling_target_geom,0.002,0.19368762084155094,0.19368772393550623,1.0309395528929066e-07
2.999999999999891,normal_bump_m,4,+,link5_collision__target_contact_plate,0.002,0.19993600608384263,0.20019752173339697,0.0002615156495543447
2.999999999999891,normal_bump_m,4,+,link6_collision__tumbling_target_geom,0.002,0.15485410158876814,0.15485410158876814,0.0
2.999999999999891,normal_bump_m,4,+,link6_collision__target_contact_plate,0.002,0.1927312079554138,0.1940348278451416,0.0013036198897277973
2.999999999999891,normal_bump_m,4,+,link7_collision__tumbling_target_geom,0.002,0.11996176716141795,0.1213356137869476,0.0013738466255296539
2.999999999999891,normal_bump_m,4,+,link7_collision__target_contact_plate,0.002,0.18741338665523505,0.18860334426623163,0.0011899576109965782
2.999999999999891,normal_bump_m,4,+,gripper_contact_pad__tumbling_target_geom,-0.002,0.13599390166984057,0.13725386889760813,0.0012599672277675555
2.999999999999891,normal_bump_m,4,+,n206_spacer__tumbling_target_geom,0.002,0.13196606099769406,0.13323887350436675,0.001272812506672688
2.999999999999891,normal_bump_m,4,+,n206_spacer__target_contact_plate,0.002,0.2170715217328163,0.21788942412596177,0.0008179023931454699
2.999999999999891,normal_bump_m,4,+,n206_spacer__satellite_base_collision,0.045,0.5068362077562499,0.5068362077562499,0.0
2.999999999999891,normal_bump_m,4,+,n206_spacer__link0_collision,0.045,0.6168090410105412,0.6168090410105412,0.0
2.999999999999891,normal_bump_m,4,+,n206_spacer__link1_collision,0.045,0.6012519597607741,0.6012519597607741,0.0
2.999999999999891,normal_bump_m,4,+,n206_spacer__link2_collision,0.045,0.49898760252528634,0.49898760252528634,0.0
2.999999999999891,normal_bump_m,4,+,n206_spacer__link3_collision,0.045,0.48234406825471604,0.48234406825471604,0.0
2.999999999999891,normal_bump_m,4,+,n206_spacer__link4_collision,0.045,0.33466370288994646,0.33466996148869277,6.258598746311517e-06
2.999999999999891,normal_bump_m,4,+,n206_spacer__link5_collision,0.045,0.11183211356575272,0.11183257422893374,4.6066318101778414e-07
2.999999999999891,normal_bump_m,4,+,n206_spacer__link6_collision,0.045,0.08391401432514524,0.08391401432513344,-1.1796119636642288e-14
2.999999999999891,normal_bump_m,4,+,n206_spacer__workspace_obstacle_0,0.045,1.955,1.955,0.0
2.999999999999891,normal_bump_m,4,+,gripper_contact_pad__satellite_base_collision,0.045,0.5067243101077546,0.5067243101077546,0.0
2.999999999999891,normal_bump_m,4,+,gripper_contact_pad__link0_collision,0.045,0.6199291475002481,0.6199291475002481,0.0
2.999999999999891,normal_bump_m,4,+,gripper_contact_pad__link1_collision,0.045,0.6062427090279173,0.6062427090279173,0.0
2.999999999999891,normal_bump_m,4,+,gripper_contact_pad__link2_collision,0.045,0.5063381204736694,0.5063381204736694,0.0
2.999999999999891,normal_bump_m,4,+,gripper_contact_pad__link3_collision,0.045,0.49036571853606886,0.49036571853606886,0.0
2.999999999999891,normal_bump_m,4,+,gripper_contact_pad__link4_collision,0.045,0.34225608228532545,0.3422609374656238,4.855180298357631e-06
2.999999999999891,normal_bump_m,4,+,gripper_contact_pad__link5_collision,0.045,0.11997960011198285,0.11998001704378754,4.169318046920445e-07
2.999999999999891,normal_bump_m,4,+,gripper_contact_pad__link6_collision,0.045,0.09371401399110922,0.09371401399111852,9.298117831235686e-15
2.999999999999891,normal_bump_m,4,+,gripper_contact_pad__workspace_obstacle_0,0.045,1.955,1.955,0.0
2.999999999999891,tangent_bump_m,5,-,link2_to_satellite,0.045,0.2550100594499864,0.25501569837132837,5.638921341977188e-06
2.999999999999891,tangent_bump_m,5,-,link3_to_satellite,0.045,0.35401189879617595,0.3542698906984202,0.00025799190224423674
2.999999999999891,tangent_bump_m,5,-,link4_to_satellite,0.045,0.36728008720872324,0.36788858718113926,0.0006084999724160212
2.999999999999891,tangent_bump_m,5,-,link5_to_satellite,0.045,0.4053839598829843,0.40624208821060415,0.0008581283276198337
2.999999999999891,tangent_bump_m,5,-,link6_to_satellite,0.045,0.43829592454873134,0.4391903182411938,0.0008943936924624696
2.999999999999891,tangent_bump_m,5,-,link7_to_satellite,0.045,0.4944768131645247,0.4944768131645247,0.0
2.999999999999891,tangent_bump_m,5,-,link0_to_link4,0.045,0.35791871418438886,0.35826497040338307,0.0003462562189942009
2.999999999999891,tangent_bump_m,5,-,link0_to_link5,0.045,0.4467756707924806,0.4470191299034772,0.00024345911099660222
2.999999999999891,tangent_bump_m,5,-,link0_to_link6,0.045,0.4866991374382887,0.4866991374382887,0.0
2.999999999999891,tangent_bump_m,5,-,link0_to_link7,0.045,0.57494055276315,0.57494055276315,0.0
2.999999999999891,tangent_bump_m,5,-,link1_to_link5,0.045,0.3438339930898615,0.3438339930898615,0.0
2.999999999999891,tangent_bump_m,5,-,link1_to_link6,0.045,0.4169299491171001,0.4169299491171001,0.0
2.999999999999891,tangent_bump_m,5,-,link1_to_link7,0.045,0.5255854187117294,0.5255854187117294,0.0
2.999999999999891,tangent_bump_m,5,-,link2_to_link6,0.045,0.28048244439424685,0.28048244439424685,0.0
2.999999999999891,tangent_bump_m,5,-,link2_to_link7,0.045,0.40215979808825697,0.4020405495063738,-0.000119248581883169
2.999999999999891,tangent_bump_m,5,-,link3_to_link7,0.045,0.3761764536509402,0.3761764536509402,0.0
2.999999999999891,tangent_bump_m,5,-,satellite_base_collision__tumbling_target_geom,0.002,0.7706904837043022,0.7706791690673223,-1.1314636979897763e-05
2.999999999999891,tangent_bump_m,5,-,satellite_base_collision__target_contact_plate,0.002,0.810753505658701,0.8107609708373991,7.465178698096153e-06
2.999999999999891,tangent_bump_m,5,-,link0_collision__tumbling_target_geom,0.002,0.8675276236442386,0.8675276236442386,0.0
2.999999999999891,tangent_bump_m,5,-,link0_collision__target_contact_plate,0.002,0.8931866920901979,0.8931866920901979,0.0
2.999999999999891,tangent_bump_m,5,-,link1_collision__tumbling_target_geom,0.002,0.7991971945206834,0.7991971945206834,0.0
2.999999999999891,tangent_bump_m,5,-,link1_collision__target_contact_plate,0.002,0.8023312592477693,0.8023312592477693,0.0
2.999999999999891,tangent_bump_m,5,-,link2_collision__tumbling_target_geom,0.002,0.64332073331454,0.64332073331454,0.0
2.999999999999891,tangent_bump_m,5,-,link2_collision__target_contact_plate,0.002,0.6449149345934124,0.6449149345934124,0.0
2.999999999999891,tangent_bump_m,5,-,link3_collision__tumbling_target_geom,0.002,0.49423898248287707,0.49423898248287707,0.0
2.999999999999891,tangent_bump_m,5,-,link3_collision__target_contact_plate,0.002,0.5015071595656252,0.5015071595656252,0.0
2.999999999999891,tangent_bump_m,5,-,link4_collision__tumbling_target_geom,0.002,0.36721613401084274,0.36721613401084274,0.0
2.999999999999891,tangent_bump_m,5,-,link4_collision__target_contact_plate,0.002,0.3672161340108428,0.3672161340108428,0.0
2.999999999999891,tangent_bump_m,5,-,link5_collision__tumbling_target_geom,0.002,0.19368762084155094,0.19368762120966998,3.681190352544661e-10
2.999999999999891,tangent_bump_m,5,-,link5_collision__target_contact_plate,0.002,0.19993600608384263,0.19986813600455305,-6.787007928957256e-05
2.999999999999891,tangent_bump_m,5,-,link6_collision__tumbling_target_geom,0.002,0.15485410158876814,0.15485410158876814,0.0
2.999999999999891,tangent_bump_m,5,-,link6_collision__target_contact_plate,0.002,0.1927312079554138,0.19243869291536878,-0.00029251504004501605
2.999999999999891,tangent_bump_m,5,-,link7_collision__tumbling_target_geom,0.002,0.11996176716141795,0.11949648797179528,-0.0004652791896226638
2.999999999999891,tangent_bump_m,5,-,link7_collision__target_contact_plate,0.002,0.18741338665523505,0.18679476227126585,-0.0006186243839692018
2.999999999999891,tangent_bump_m,5,-,gripper_contact_pad__tumbling_target_geom,-0.002,0.13599390166984057,0.13527474043690885,-0.0007191612329317254
2.999999999999891,tangent_bump_m,5,-,n206_spacer__tumbling_target_geom,0.002,0.13196606099769406,0.13126703445100982,-0.0006990265466842449
2.999999999999891,tangent_bump_m,5,-,n206_spacer__target_contact_plate,0.002,0.2170715217328163,0.21600587966411286,-0.0010656420687034374
2.999999999999891,tangent_bump_m,5,-,n206_spacer__satellite_base_collision,0.045,0.5068362077562499,0.5068362077562499,0.0
2.999999999999891,tangent_bump_m,5,-,n206_spacer__link0_collision,0.045,0.6168090410105412,0.6168090410105412,0.0
2.999999999999891,tangent_bump_m,5,-,n206_spacer__link1_collision,0.045,0.6012519597607741,0.6012519597607741,0.0
2.999999999999891,tangent_bump_m,5,-,n206_spacer__link2_collision,0.045,0.49898760252528634,0.49898760252528634,0.0
2.999999999999891,tangent_bump_m,5,-,n206_spacer__link3_collision,0.045,0.48234406825471604,0.48234406825471604,0.0
2.999999999999891,tangent_bump_m,5,-,n206_spacer__link4_collision,0.045,0.33466370288994646,0.33454181040909003,-0.00012189248085642257
2.999999999999891,tangent_bump_m,5,-,n206_spacer__link5_collision,0.045,0.11183211356575272,0.11180094304331593,-3.117052243678531e-05
2.999999999999891,tangent_bump_m,5,-,n206_spacer__link6_collision,0.045,0.08391401432514524,0.08391401432515035,5.10702591327572e-15
2.999999999999891,tangent_bump_m,5,-,n206_spacer__workspace_obstacle_0,0.045,1.955,1.955,0.0
2.999999999999891,tangent_bump_m,5,-,gripper_contact_pad__satellite_base_collision,0.045,0.5067243101077546,0.5067243101077546,0.0
2.999999999999891,tangent_bump_m,5,-,gripper_contact_pad__link0_collision,0.045,0.6199291475002481,0.6199291475002481,0.0
2.999999999999891,tangent_bump_m,5,-,gripper_contact_pad__link1_collision,0.045,0.6062427090279173,0.6062427090279173,0.0
2.999999999999891,tangent_bump_m,5,-,gripper_contact_pad__link2_collision,0.045,0.5063381204736694,0.5063381204736694,0.0
2.999999999999891,tangent_bump_m,5,-,gripper_contact_pad__link3_collision,0.045,0.49036571853606886,0.49036571853606886,0.0
2.999999999999891,tangent_bump_m,5,-,gripper_contact_pad__link4_collision,0.045,0.34225608228532545,0.3421249653993876,-0.0001311168859378653
2.999999999999891,tangent_bump_m,5,-,gripper_contact_pad__link5_collision,0.045,0.11997960011198285,0.1199514037145706,-2.8196397412250107e-05
2.999999999999891,tangent_bump_m,5,-,gripper_contact_pad__link6_collision,0.045,0.09371401399110922,0.09371401399112107,1.1851630787873546e-14
2.999999999999891,tangent_bump_m,5,-,gripper_contact_pad__workspace_obstacle_0,0.045,1.955,1.955,0.0
2.999999999999891,tangent_bump_m,6,+,link2_to_satellite,0.045,0.2550100594499864,0.25500451571130006,-5.543738686331068e-06
2.999999999999891,tangent_bump_m,6,+,link3_to_satellite,0.045,0.35401189879617595,0.35375254707067516,-0.00025935172550078933
2.999999999999891,tangent_bump_m,6,+,link4_to_satellite,0.045,0.36728008720872324,0.3666687797291358,-0.0006113074795874307
2.999999999999891,tangent_bump_m,6,+,link5_to_satellite,0.045,0.4053839598829843,0.4045261805522751,-0.0008577793307091852
2.999999999999891,tangent_bump_m,6,+,link6_to_satellite,0.045,0.43829592454873134,0.4374046759505621,-0.0008912485981692475
2.999999999999891,tangent_bump_m,6,+,link7_to_satellite,0.045,0.4944768131645247,0.4944768131645247,0.0
2.999999999999891,tangent_bump_m,6,+,link0_to_link4,0.045,0.35791871418438886,0.35757072275522606,-0.00034799142916280834
2.999999999999891,tangent_bump_m,6,+,link0_to_link5,0.045,0.4467756707924806,0.4465336006113129,-0.0002420701811676751
2.999999999999891,tangent_bump_m,6,+,link0_to_link6,0.045,0.4866991374382887,0.4866991374382887,0.0
2.999999999999891,tangent_bump_m,6,+,link0_to_link7,0.045,0.57494055276315,0.57494055276315,0.0
2.999999999999891,tangent_bump_m,6,+,link1_to_link5,0.045,0.3438339930898615,0.3438339930898615,0.0
2.999999999999891,tangent_bump_m,6,+,link1_to_link6,0.045,0.4169299491171001,0.4169299491171001,0.0
2.999999999999891,tangent_bump_m,6,+,link1_to_link7,0.045,0.5255854187117294,0.5255854187117294,0.0
2.999999999999891,tangent_bump_m,6,+,link2_to_link6,0.045,0.28048244439424685,0.28048244439424685,0.0
2.999999999999891,tangent_bump_m,6,+,link2_to_link7,0.045,0.40215979808825697,0.40221500114435965,5.5203056102681725e-05
2.999999999999891,tangent_bump_m,6,+,link3_to_link7,0.045,0.3761764536509402,0.3761764536509402,0.0
2.999999999999891,tangent_bump_m,6,+,satellite_base_collision__tumbling_target_geom,0.002,0.7706904837043022,0.7707019223124438,1.1438608141678408e-05
2.999999999999891,tangent_bump_m,6,+,satellite_base_collision__target_contact_plate,0.002,0.810753505658701,0.8107461839027049,-7.321755996048118e-06
2.999999999999891,tangent_bump_m,6,+,link0_collision__tumbling_target_geom,0.002,0.8675276236442386,0.8675276236442386,0.0
2.999999999999891,tangent_bump_m,6,+,link0_collision__target_contact_plate,0.002,0.8931866920901979,0.8931866920901979,0.0
2.999999999999891,tangent_bump_m,6,+,link1_collision__tumbling_target_geom,0.002,0.7991971945206834,0.7991971945206834,0.0
2.999999999999891,tangent_bump_m,6,+,link1_collision__target_contact_plate,0.002,0.8023312592477693,0.8023312592477693,0.0
2.999999999999891,tangent_bump_m,6,+,link2_collision__tumbling_target_geom,0.002,0.64332073331454,0.64332073331454,0.0
2.999999999999891,tangent_bump_m,6,+,link2_collision__target_contact_plate,0.002,0.6449149345934124,0.6449149345934124,0.0
2.999999999999891,tangent_bump_m,6,+,link3_collision__tumbling_target_geom,0.002,0.49423898248287707,0.49423898248287707,0.0
2.999999999999891,tangent_bump_m,6,+,link3_collision__target_contact_plate,0.002,0.5015071595656252,0.5015071595656252,0.0
2.999999999999891,tangent_bump_m,6,+,link4_collision__tumbling_target_geom,0.002,0.36721613401084274,0.36721613401084274,0.0
2.999999999999891,tangent_bump_m,6,+,link4_collision__target_contact_plate,0.002,0.3672161340108428,0.3672161340108428,0.0
2.999999999999891,tangent_bump_m,6,+,link5_collision__tumbling_target_geom,0.002,0.19368762084155094,0.19368762047347157,-3.6807937253691136e-10
2.999999999999891,tangent_bump_m,6,+,link5_collision__target_contact_plate,0.002,0.19993600608384263,0.20000496396172926,6.895787788663288e-05
2.999999999999891,tangent_bump_m,6,+,link6_collision__tumbling_target_geom,0.002,0.15485410158876814,0.15485410158876814,0.0
2.999999999999891,tangent_bump_m,6,+,link6_collision__target_contact_plate,0.002,0.1927312079554138,0.19303450933612512,0.0003033013807113294
2.999999999999891,tangent_bump_m,6,+,link7_collision__tumbling_target_geom,0.002,0.11996176716141795,0.12044315891482484,0.0004813917534068901
2.999999999999891,tangent_bump_m,6,+,link7_collision__target_contact_plate,0.002,0.18741338665523505,0.18803267013425226,0.000619283479017213
2.999999999999891,tangent_bump_m,6,+,gripper_contact_pad__tumbling_target_geom,-0.002,0.13599390166984057,0.13672551537626795,0.0007316137064273809
2.999999999999891,tangent_bump_m,6,+,n206_spacer__tumbling_target_geom,0.002,0.13196606099769406,0.13266523771013022,0.0006991767124361614
2.999999999999891,tangent_bump_m,6,+,n206_spacer__target_contact_plate,0.002,0.2170715217328163,0.21814199859414735,0.001070476861331049
2.999999999999891,tangent_bump_m,6,+,n206_spacer__satellite_base_collision,0.045,0.5068362077562499,0.5068362077562499,0.0
2.999999999999891,tangent_bump_m,6,+,n206_spacer__link0_collision,0.045,0.6168090410105412,0.6168090410105412,0.0
2.999999999999891,tangent_bump_m,6,+,n206_spacer__link1_collision,0.045,0.6012519597607741,0.6012519597607741,0.0
2.999999999999891,tangent_bump_m,6,+,n206_spacer__link2_collision,0.045,0.49898760252528634,0.49898760252528634,0.0
2.999999999999891,tangent_bump_m,6,+,n206_spacer__link3_collision,0.045,0.48234406825471604,0.48234406825471604,0.0
2.999999999999891,tangent_bump_m,6,+,n206_spacer__link4_collision,0.045,0.33466370288994646,0.33478481809277255,0.00012111520282609423
2.999999999999891,tangent_bump_m,6,+,n206_spacer__link5_collision,0.045,0.11183211356575272,0.11186354167978947,3.1428114036752275e-05
2.999999999999891,tangent_bump_m,6,+,n206_spacer__link6_collision,0.045,0.08391401432514524,0.08391401432511396,-3.1280533718813786e-14
2.999999999999891,tangent_bump_m,6,+,n206_spacer__workspace_obstacle_0,0.045,1.955,1.955,0.0
2.999999999999891,tangent_bump_m,6,+,gripper_contact_pad__satellite_base_collision,0.045,0.5067243101077546,0.5067243101077546,0.0
2.999999999999891,tangent_bump_m,6,+,gripper_contact_pad__link0_collision,0.045,0.6199291475002481,0.6199291475002481,0.0
2.999999999999891,tangent_bump_m,6,+,gripper_contact_pad__link1_collision,0.045,0.6062427090279173,0.6062427090279173,0.0
2.999999999999891,tangent_bump_m,6,+,gripper_contact_pad__link2_collision,0.045,0.5063381204736694,0.5063381204736694,0.0
2.999999999999891,tangent_bump_m,6,+,gripper_contact_pad__link3_collision,0.045,0.49036571853606886,0.49036571853606886,0.0
2.999999999999891,tangent_bump_m,6,+,gripper_contact_pad__link4_collision,0.045,0.34225608228532545,0.34238641533473474,0.00013033304940929247
2.999999999999891,tangent_bump_m,6,+,gripper_contact_pad__link5_collision,0.045,0.11997960011198285,0.12000805930395407,2.845919197122515e-05
2.999999999999891,tangent_bump_m,6,+,gripper_contact_pad__link6_collision,0.045,0.09371401399110922,0.09371401399110242,-6.800116025829084e-15
2.999999999999891,tangent_bump_m,6,+,gripper_contact_pad__workspace_obstacle_0,0.045,1.955,1.955,0.0
2.999999999999891,psi_mid_correction_rad,7,-,link2_to_satellite,0.045,0.2550100594499864,0.25496531525470395,-4.4744195282442334e-05
2.999999999999891,psi_mid_correction_rad,7,-,link3_to_satellite,0.045,0.35401189879617595,0.3512576772729862,-0.0027542215231897704
2.999999999999891,psi_mid_correction_rad,7,-,link4_to_satellite,0.045,0.36728008720872324,0.36290171422132383,-0.004378372987399404
2.999999999999891,psi_mid_correction_rad,7,-,link5_to_satellite,0.045,0.4053839598829843,0.4030857097393916,-0.002298250143592695
2.999999999999891,psi_mid_correction_rad,7,-,link6_to_satellite,0.045,0.43829592454873134,0.43797995943503065,-0.00031596511370068914
2.999999999999891,psi_mid_correction_rad,7,-,link7_to_satellite,0.045,0.4944768131645247,0.4944768131645247,0.0
2.999999999999891,psi_mid_correction_rad,7,-,link0_to_link4,0.045,0.35791871418438886,0.35563372961432443,-0.00228498457006443
2.999999999999891,psi_mid_correction_rad,7,-,link0_to_link5,0.045,0.4467756707924806,0.4457555877648543,-0.001020083027626295
2.999999999999891,psi_mid_correction_rad,7,-,link0_to_link6,0.045,0.4866991374382887,0.4866991374382887,0.0
2.999999999999891,psi_mid_correction_rad,7,-,link0_to_link7,0.045,0.57494055276315,0.57494055276315,0.0
2.999999999999891,psi_mid_correction_rad,7,-,link1_to_link5,0.045,0.3438339930898615,0.3438339930898615,0.0
2.999999999999891,psi_mid_correction_rad,7,-,link1_to_link6,0.045,0.4169299491171001,0.4169299491171001,0.0
2.999999999999891,psi_mid_correction_rad,7,-,link1_to_link7,0.045,0.5255854187117294,0.5255854187117294,0.0
2.999999999999891,psi_mid_correction_rad,7,-,link2_to_link6,0.045,0.28048244439424685,0.28048244439424685,0.0
2.999999999999891,psi_mid_correction_rad,7,-,link2_to_link7,0.045,0.40215979808825697,0.40218299436318655,2.3196274929582206e-05
2.999999999999891,psi_mid_correction_rad,7,-,link3_to_link7,0.045,0.3761764536509402,0.3761764536509402,0.0
2.999999999999891,psi_mid_correction_rad,7,-,satellite_base_collision__tumbling_target_geom,0.002,0.7706904837043022,0.7705936172190563,-9.686648524587227e-05
2.999999999999891,psi_mid_correction_rad,7,-,satellite_base_collision__target_contact_plate,0.002,0.810753505658701,0.8106288260497115,-0.00012467960898943087
2.999999999999891,psi_mid_correction_rad,7,-,link0_collision__tumbling_target_geom,0.002,0.8675276236442386,0.8675276236442386,0.0
2.999999999999891,psi_mid_correction_rad,7,-,link0_collision__target_contact_plate,0.002,0.8931866920901979,0.8931866920901979,0.0
2.999999999999891,psi_mid_correction_rad,7,-,link1_collision__tumbling_target_geom,0.002,0.7991971945206834,0.7991971945206834,0.0
2.999999999999891,psi_mid_correction_rad,7,-,link1_collision__target_contact_plate,0.002,0.8023312592477693,0.8023312592477693,0.0
2.999999999999891,psi_mid_correction_rad,7,-,link2_collision__tumbling_target_geom,0.002,0.64332073331454,0.64332073331454,0.0
2.999999999999891,psi_mid_correction_rad,7,-,link2_collision__target_contact_plate,0.002,0.6449149345934124,0.6449149345934124,0.0
2.999999999999891,psi_mid_correction_rad,7,-,link3_collision__tumbling_target_geom,0.002,0.49423898248287707,0.49423898248287707,0.0
2.999999999999891,psi_mid_correction_rad,7,-,link3_collision__target_contact_plate,0.002,0.5015071595656252,0.5015071595656252,0.0
2.999999999999891,psi_mid_correction_rad,7,-,link4_collision__tumbling_target_geom,0.002,0.36721613401084274,0.36721613401084274,0.0
2.999999999999891,psi_mid_correction_rad,7,-,link4_collision__target_contact_plate,0.002,0.3672161340108428,0.3672161340108428,0.0
2.999999999999891,psi_mid_correction_rad,7,-,link5_collision__tumbling_target_geom,0.002,0.19368762084155094,0.19368757424136354,-4.6600187403322835e-08
2.999999999999891,psi_mid_correction_rad,7,-,link5_collision__target_contact_plate,0.002,0.19993600608384263,0.19994114373956776,5.137655725129253e-06
2.999999999999891,psi_mid_correction_rad,7,-,link6_collision__tumbling_target_geom,0.002,0.15485410158876814,0.15485410158876814,0.0
2.999999999999891,psi_mid_correction_rad,7,-,link6_collision__target_contact_plate,0.002,0.1927312079554138,0.19274082169558399,9.613740170194562e-06
2.999999999999891,psi_mid_correction_rad,7,-,link7_collision__tumbling_target_geom,0.002,0.11996176716141795,0.11994026721268299,-2.1499948734959862e-05
2.999999999999891,psi_mid_correction_rad,7,-,link7_collision__target_contact_plate,0.002,0.18741338665523505,0.18739356700647242,-1.9819648762631203e-05
2.999999999999891,psi_mid_correction_rad,7,-,gripper_contact_pad__tumbling_target_geom,-0.002,0.13599390166984057,0.13596639453693976,-2.7507132900811415e-05
2.999999999999891,psi_mid_correction_rad,7,-,n206_spacer__tumbling_target_geom,0.002,0.13196606099769406,0.1319394240127498,-2.6636984944261588e-05
2.999999999999891,psi_mid_correction_rad,7,-,n206_spacer__target_contact_plate,0.002,0.2170715217328163,0.21702882844304575,-4.26932897705512e-05
2.999999999999891,psi_mid_correction_rad,7,-,n206_spacer__satellite_base_collision,0.045,0.5068362077562499,0.5068362077562499,0.0
2.999999999999891,psi_mid_correction_rad,7,-,n206_spacer__link0_collision,0.045,0.6168090410105412,0.6168090410105412,0.0
2.999999999999891,psi_mid_correction_rad,7,-,n206_spacer__link1_collision,0.045,0.6012519597607741,0.6012519597607741,0.0
2.999999999999891,psi_mid_correction_rad,7,-,n206_spacer__link2_collision,0.045,0.49898760252528634,0.49898760252528634,0.0
2.999999999999891,psi_mid_correction_rad,7,-,n206_spacer__link3_collision,0.045,0.48234406825471604,0.48234406825471604,0.0
2.999999999999891,psi_mid_correction_rad,7,-,n206_spacer__link4_collision,0.045,0.33466370288994646,0.3340741779884785,-0.0005895249014679638
2.999999999999891,psi_mid_correction_rad,7,-,n206_spacer__link5_collision,0.045,0.11183211356575272,0.11167514821400275,-0.0001569653517499714
2.999999999999891,psi_mid_correction_rad,7,-,n206_spacer__link6_collision,0.045,0.08391401432514524,0.08391401432512431,-2.09277040141842e-14
2.999999999999891,psi_mid_correction_rad,7,-,n206_spacer__workspace_obstacle_0,0.045,1.955,1.955,0.0
2.999999999999891,psi_mid_correction_rad,7,-,gripper_contact_pad__satellite_base_collision,0.045,0.5067243101077546,0.5067243101077546,0.0
2.999999999999891,psi_mid_correction_rad,7,-,gripper_contact_pad__link0_collision,0.045,0.6199291475002481,0.6199291475002481,0.0
2.999999999999891,psi_mid_correction_rad,7,-,gripper_contact_pad__link1_collision,0.045,0.6062427090279173,0.6062427090279173,0.0
2.999999999999891,psi_mid_correction_rad,7,-,gripper_contact_pad__link2_collision,0.045,0.5063381204736694,0.5063381204736694,0.0
2.999999999999891,psi_mid_correction_rad,7,-,gripper_contact_pad__link3_collision,0.045,0.49036571853606886,0.49036571853606886,0.0
2.999999999999891,psi_mid_correction_rad,7,-,gripper_contact_pad__link4_collision,0.045,0.34225608228532545,0.34160197288765975,-0.000654109397665692
2.999999999999891,psi_mid_correction_rad,7,-,gripper_contact_pad__link5_collision,0.045,0.11997960011198285,0.11983792868191291,-0.000141671430069934
2.999999999999891,psi_mid_correction_rad,7,-,gripper_contact_pad__link6_collision,0.045,0.09371401399110922,0.09371401399114208,3.2862601528904634e-14
2.999999999999891,psi_mid_correction_rad,7,-,gripper_contact_pad__workspace_obstacle_0,0.045,1.955,1.955,0.0
2.999999999999891,psi_mid_correction_rad,8,+,link2_to_satellite,0.045,0.2550100594499864,0.2550650550549583,5.499560497190803e-05
2.999999999999891,psi_mid_correction_rad,8,+,link3_to_satellite,0.045,0.35401189879617595,0.3567602697156001,0.002748370919424148
2.999999999999891,psi_mid_correction_rad,8,+,link4_to_satellite,0.045,0.36728008720872324,0.37164419678395916,0.004364109575235919
2.999999999999891,psi_mid_correction_rad,8,+,link5_to_satellite,0.045,0.4053839598829843,0.4076767563949826,0.002292796511998263
2.999999999999891,psi_mid_correction_rad,8,+,link6_to_satellite,0.045,0.43829592454873134,0.4386039274845727,0.0003080029358413783
2.999999999999891,psi_mid_correction_rad,8,+,link7_to_satellite,0.045,0.4944768131645247,0.4944768131645247,0.0
2.999999999999891,psi_mid_correction_rad,8,+,link0_to_link4,0.045,0.35791871418438886,0.3601872743975423,0.0022685602131534144
2.999999999999891,psi_mid_correction_rad,8,+,link0_to_link5,0.045,0.4467756707924806,0.4477847775441682,0.001009106751687583
2.999999999999891,psi_mid_correction_rad,8,+,link0_to_link6,0.045,0.4866991374382887,0.4866991374382887,0.0
2.999999999999891,psi_mid_correction_rad,8,+,link0_to_link7,0.045,0.57494055276315,0.57494055276315,0.0
2.999999999999891,psi_mid_correction_rad,8,+,link1_to_link5,0.045,0.3438339930898615,0.3438339930898615,0.0
2.999999999999891,psi_mid_correction_rad,8,+,link1_to_link6,0.045,0.4169299491171001,0.4169299491171001,0.0
2.999999999999891,psi_mid_correction_rad,8,+,link1_to_link7,0.045,0.5255854187117294,0.5255854187117294,0.0
2.999999999999891,psi_mid_correction_rad,8,+,link2_to_link6,0.045,0.28048244439424685,0.28048244439424685,0.0
2.999999999999891,psi_mid_correction_rad,8,+,link2_to_link7,0.045,0.40215979808825697,0.4021358815190439,-2.3916569213078276e-05
2.999999999999891,psi_mid_correction_rad,8,+,link3_to_link7,0.045,0.3761764536509402,0.3761764536509402,0.0
2.999999999999891,psi_mid_correction_rad,8,+,satellite_base_collision__tumbling_target_geom,0.002,0.7706904837043022,0.7707734545118157,8.297080751351604e-05
2.999999999999891,psi_mid_correction_rad,8,+,satellite_base_collision__target_contact_plate,0.002,0.810753505658701,0.8108802401938544,0.0001267345351534388
2.999999999999891,psi_mid_correction_rad,8,+,link0_collision__tumbling_target_geom,0.002,0.8675276236442386,0.8675276236442386,0.0
2.999999999999891,psi_mid_correction_rad,8,+,link0_collision__target_contact_plate,0.002,0.8931866920901979,0.8931866920901979,0.0
2.999999999999891,psi_mid_correction_rad,8,+,link1_collision__tumbling_target_geom,0.002,0.7991971945206834,0.7991971945206834,0.0
2.999999999999891,psi_mid_correction_rad,8,+,link1_collision__target_contact_plate,0.002,0.8023312592477693,0.8023312592477693,0.0
2.999999999999891,psi_mid_correction_rad,8,+,link2_collision__tumbling_target_geom,0.002,0.64332073331454,0.64332073331454,0.0
2.999999999999891,psi_mid_correction_rad,8,+,link2_collision__target_contact_plate,0.002,0.6449149345934124,0.6449149345934124,0.0
2.999999999999891,psi_mid_correction_rad,8,+,link3_collision__tumbling_target_geom,0.002,0.49423898248287707,0.49423898248287707,0.0
2.999999999999891,psi_mid_correction_rad,8,+,link3_collision__target_contact_plate,0.002,0.5015071595656252,0.5015071595656252,0.0
2.999999999999891,psi_mid_correction_rad,8,+,link4_collision__tumbling_target_geom,0.002,0.36721613401084274,0.36721613401084274,0.0
2.999999999999891,psi_mid_correction_rad,8,+,link4_collision__target_contact_plate,0.002,0.3672161340108428,0.3672161340108428,0.0
2.999999999999891,psi_mid_correction_rad,8,+,link5_collision__tumbling_target_geom,0.002,0.19368762084155094,0.1936876674418713,4.6600320352530034e-08
2.999999999999891,psi_mid_correction_rad,8,+,link5_collision__target_contact_plate,0.002,0.19993600608384263,0.19993229169551086,-3.714388331771401e-06
2.999999999999891,psi_mid_correction_rad,8,+,link6_collision__tumbling_target_geom,0.002,0.15485410158876814,0.15485410158876814,0.0
2.999999999999891,psi_mid_correction_rad,8,+,link6_collision__target_contact_plate,0.002,0.1927312079554138,0.19272148772502046,-9.72023039333414e-06
2.999999999999891,psi_mid_correction_rad,8,+,link7_collision__tumbling_target_geom,0.002,0.11996176716141795,0.11998242664254206,2.0659481124118972e-05
2.999999999999891,psi_mid_correction_rad,8,+,link7_collision__target_contact_plate,0.002,0.18741338665523505,0.18743163595164866,1.8249296413613836e-05
2.999999999999891,psi_mid_correction_rad,8,+,gripper_contact_pad__tumbling_target_geom,-0.002,0.13599390166984057,0.1360205929142953,2.669124445472959e-05
2.999999999999891,psi_mid_correction_rad,8,+,n206_spacer__tumbling_target_geom,0.002,0.13196606099769406,0.13199188185265748,2.582085496341535e-05
2.999999999999891,psi_mid_correction_rad,8,+,n206_spacer__target_contact_plate,0.002,0.2170715217328163,0.2171122723020698,4.0750569253511504e-05
2.999999999999891,psi_mid_correction_rad,8,+,n206_spacer__satellite_base_collision,0.045,0.5068362077562499,0.5068362077562499,0.0
2.999999999999891,psi_mid_correction_rad,8,+,n206_spacer__link0_collision,0.045,0.6168090410105412,0.6168090410105412,0.0
2.999999999999891,psi_mid_correction_rad,8,+,n206_spacer__link1_collision,0.045,0.6012519597607741,0.6012519597607741,0.0
2.999999999999891,psi_mid_correction_rad,8,+,n206_spacer__link2_collision,0.045,0.49898760252528634,0.49898760252528634,0.0
2.999999999999891,psi_mid_correction_rad,8,+,n206_spacer__link3_collision,0.045,0.48234406825471604,0.48234406825471604,0.0
2.999999999999891,psi_mid_correction_rad,8,+,n206_spacer__link4_collision,0.045,0.33466370288994646,0.3352293433707134,0.0005656404807669602
2.999999999999891,psi_mid_correction_rad,8,+,n206_spacer__link5_collision,0.045,0.11183211356575272,0.11199741549667065,0.00016530193091793266
2.999999999999891,psi_mid_correction_rad,8,+,n206_spacer__link6_collision,0.045,0.08391401432514524,0.0839140143251459,6.661338147750939e-16
2.999999999999891,psi_mid_correction_rad,8,+,n206_spacer__workspace_obstacle_0,0.045,1.955,1.955,0.0
2.999999999999891,psi_mid_correction_rad,8,+,gripper_contact_pad__satellite_base_collision,0.045,0.5067243101077546,0.5067243101077546,0.0
2.999999999999891,psi_mid_correction_rad,8,+,gripper_contact_pad__link0_collision,0.045,0.6199291475002481,0.6199291475002481,0.0
2.999999999999891,psi_mid_correction_rad,8,+,gripper_contact_pad__link1_collision,0.045,0.6062427090279173,0.6062427090279173,0.0
2.999999999999891,psi_mid_correction_rad,8,+,gripper_contact_pad__link2_collision,0.045,0.5063381204736694,0.5063381204736694,0.0
2.999999999999891,psi_mid_correction_rad,8,+,gripper_contact_pad__link3_collision,0.045,0.49036571853606886,0.49036571853606886,0.0
2.999999999999891,psi_mid_correction_rad,8,+,gripper_contact_pad__link4_collision,0.045,0.34225608228532545,0.34288480730593696,0.0006287250206115091
2.999999999999891,psi_mid_correction_rad,8,+,gripper_contact_pad__link5_collision,0.045,0.11997960011198285,0.12012960266281937,0.00015000255083652547
2.999999999999891,psi_mid_correction_rad,8,+,gripper_contact_pad__link6_collision,0.045,0.09371401399110922,0.09371401399112068,1.1463052729254741e-14
2.999999999999891,psi_mid_correction_rad,8,+,gripper_contact_pad__workspace_obstacle_0,0.045,1.955,1.955,0.0
2.999999999999891,psi_end_correction_rad,9,-,link2_to_satellite,0.045,0.2550100594499864,0.25500083556152126,-9.223888465137442e-06
2.999999999999891,psi_end_correction_rad,9,-,link3_to_satellite,0.045,0.35401189879617595,0.35349299633928544,-0.0005189024568905132
2.999999999999891,psi_end_correction_rad,9,-,link4_to_satellite,0.045,0.36728008720872324,0.3664556247897456,-0.0008244624189776562
2.999999999999891,psi_end_correction_rad,9,-,link5_to_satellite,0.045,0.4053839598829843,0.4049511318814221,-0.00043282800156219103
2.999999999999891,psi_end_correction_rad,9,-,link6_to_satellite,0.045,0.43829592454873134,0.4382371573272746,-5.8767221456756946e-05
2.999999999999891,psi_end_correction_rad,9,-,link7_to_satellite,0.045,0.4944768131645247,0.4944768131645247,0.0
2.999999999999891,psi_end_correction_rad,9,-,link0_to_link4,0.045,0.35791871418438886,0.3574891100249387,-0.0004296041594501476
2.999999999999891,psi_end_correction_rad,9,-,link0_to_link5,0.045,0.4467756707924806,0.4465842706677273,-0.0001914001247532715
2.999999999999891,psi_end_correction_rad,9,-,link0_to_link6,0.045,0.4866991374382887,0.4866991374382887,0.0
2.999999999999891,psi_end_correction_rad,9,-,link0_to_link7,0.045,0.57494055276315,0.57494055276315,0.0
2.999999999999891,psi_end_correction_rad,9,-,link1_to_link5,0.045,0.3438339930898615,0.3438339930898615,0.0
2.999999999999891,psi_end_correction_rad,9,-,link1_to_link6,0.045,0.4169299491171001,0.4169299491171001,0.0
2.999999999999891,psi_end_correction_rad,9,-,link1_to_link7,0.045,0.5255854187117294,0.5255854187117294,0.0
2.999999999999891,psi_end_correction_rad,9,-,link2_to_link6,0.045,0.28048244439424685,0.28048244439424685,0.0
2.999999999999891,psi_end_correction_rad,9,-,link2_to_link7,0.045,0.40215979808825697,0.4021638177209835,4.019632726504074e-06
2.999999999999891,psi_end_correction_rad,9,-,link3_to_link7,0.045,0.3761764536509402,0.3761764536509402,0.0
2.999999999999891,psi_end_correction_rad,9,-,satellite_base_collision__tumbling_target_geom,0.002,0.7706904837043022,0.7706731998156833,-1.728388861887975e-05
2.999999999999891,psi_end_correction_rad,9,-,satellite_base_collision__target_contact_plate,0.002,0.810753505658701,0.8107298198294313,-2.3685829269703973e-05
2.999999999999891,psi_end_correction_rad,9,-,link0_collision__tumbling_target_geom,0.002,0.8675276236442386,0.8675276236442386,0.0
2.999999999999891,psi_end_correction_rad,9,-,link0_collision__target_contact_plate,0.002,0.8931866920901979,0.8931866920901979,0.0
2.999999999999891,psi_end_correction_rad,9,-,link1_collision__tumbling_target_geom,0.002,0.7991971945206834,0.7991971945206834,0.0
2.999999999999891,psi_end_correction_rad,9,-,link1_collision__target_contact_plate,0.002,0.8023312592477693,0.8023312592477693,0.0
2.999999999999891,psi_end_correction_rad,9,-,link2_collision__tumbling_target_geom,0.002,0.64332073331454,0.64332073331454,0.0
2.999999999999891,psi_end_correction_rad,9,-,link2_collision__target_contact_plate,0.002,0.6449149345934124,0.6449149345934124,0.0
2.999999999999891,psi_end_correction_rad,9,-,link3_collision__tumbling_target_geom,0.002,0.49423898248287707,0.49423898248287707,0.0
2.999999999999891,psi_end_correction_rad,9,-,link3_collision__target_contact_plate,0.002,0.5015071595656252,0.5015071595656252,0.0
2.999999999999891,psi_end_correction_rad,9,-,link4_collision__tumbling_target_geom,0.002,0.36721613401084274,0.36721613401084274,0.0
2.999999999999891,psi_end_correction_rad,9,-,link4_collision__target_contact_plate,0.002,0.3672161340108428,0.3672161340108428,0.0
2.999999999999891,psi_end_correction_rad,9,-,link5_collision__tumbling_target_geom,0.002,0.19368762084155094,0.19368761350220648,-7.33934446550677e-09
2.999999999999891,psi_end_correction_rad,9,-,link5_collision__target_contact_plate,0.002,0.19993600608384263,0.19993686639850217,8.603146595398403e-07
2.999999999999891,psi_end_correction_rad,9,-,link6_collision__tumbling_target_geom,0.002,0.15485410158876814,0.15485410158876814,0.0
2.999999999999891,psi_end_correction_rad,9,-,link6_collision__target_contact_plate,0.002,0.1927312079554138,0.19273270370269494,1.4957472811438777e-06
2.999999999999891,psi_end_correction_rad,9,-,link7_collision__tumbling_target_geom,0.002,0.11996176716141795,0.11995747710573405,-4.290055683892069e-06
2.999999999999891,psi_end_correction_rad,9,-,link7_collision__target_contact_plate,0.002,0.18741338665523505,0.1874093821342231,-4.004521011957696e-06
2.999999999999891,psi_end_correction_rad,9,-,gripper_contact_pad__tumbling_target_geom,-0.002,0.13599390166984057,0.13598847044122783,-5.4312286127400355e-06
2.999999999999891,psi_end_correction_rad,9,-,n206_spacer__tumbling_target_geom,0.002,0.13196606099769406,0.1319607968478559,-5.26414983817447e-06
2.999999999999891,psi_end_correction_rad,9,-,n206_spacer__target_contact_plate,0.002,0.2170715217328163,0.2170631597888108,-8.361944005497168e-06
2.999999999999891,psi_end_correction_rad,9,-,n206_spacer__satellite_base_collision,0.045,0.5068362077562499,0.5068362077562499,0.0
2.999999999999891,psi_end_correction_rad,9,-,n206_spacer__link0_collision,0.045,0.6168090410105412,0.6168090410105412,0.0
2.999999999999891,psi_end_correction_rad,9,-,n206_spacer__link1_collision,0.045,0.6012519597607741,0.6012519597607741,0.0
2.999999999999891,psi_end_correction_rad,9,-,n206_spacer__link2_collision,0.045,0.49898760252528634,0.49898760252528634,0.0
2.999999999999891,psi_end_correction_rad,9,-,n206_spacer__link3_collision,0.045,0.48234406825471604,0.48234406825471604,0.0
2.999999999999891,psi_end_correction_rad,9,-,n206_spacer__link4_collision,0.045,0.33466370288994646,0.334554351635659,-0.00010935125428745973
2.999999999999891,psi_end_correction_rad,9,-,n206_spacer__link5_collision,0.045,0.11183211356575272,0.1118018717190211,-3.0241846731615674e-05
2.999999999999891,psi_end_correction_rad,9,-,n206_spacer__link6_collision,0.045,0.08391401432514524,0.08391401432514208,-3.164135620181696e-15
2.999999999999891,psi_end_correction_rad,9,-,n206_spacer__workspace_obstacle_0,0.045,1.955,1.955,0.0
2.999999999999891,psi_end_correction_rad,9,-,gripper_contact_pad__satellite_base_collision,0.045,0.5067243101077546,0.5067243101077546,0.0
2.999999999999891,psi_end_correction_rad,9,-,gripper_contact_pad__link0_collision,0.045,0.6199291475002481,0.6199291475002481,0.0
2.999999999999891,psi_end_correction_rad,9,-,gripper_contact_pad__link1_collision,0.045,0.6062427090279173,0.6062427090279173,0.0
2.999999999999891,psi_end_correction_rad,9,-,gripper_contact_pad__link2_collision,0.045,0.5063381204736694,0.5063381204736694,0.0
2.999999999999891,psi_end_correction_rad,9,-,gripper_contact_pad__link3_collision,0.045,0.49036571853606886,0.49036571853606886,0.0
2.999999999999891,psi_end_correction_rad,9,-,gripper_contact_pad__link4_collision,0.045,0.34225608228532545,0.34213466510743984,-0.00012141717788560769
2.999999999999891,psi_end_correction_rad,9,-,gripper_contact_pad__link5_collision,0.045,0.11997960011198285,0.11995224334779982,-2.735676418302857e-05
2.999999999999891,psi_end_correction_rad,9,-,gripper_contact_pad__link6_collision,0.045,0.09371401399110922,0.0937140139911191,9.880984919163893e-15
2.999999999999891,psi_end_correction_rad,9,-,gripper_contact_pad__workspace_obstacle_0,0.045,1.955,1.955,0.0
2.999999999999891,psi_end_correction_rad,10,+,link2_to_satellite,0.045,0.2550100594499864,0.2550196478358743,9.588385887882023e-06
2.999999999999891,psi_end_correction_rad,10,+,link3_to_satellite,0.045,0.35401189879617595,0.35453059381810803,0.0005186950219320807
2.999999999999891,psi_end_correction_rad,10,+,link4_to_satellite,0.045,0.36728008720872324,0.3681040444977563,0.0008239572890330615
2.999999999999891,psi_end_correction_rad,10,+,link5_to_satellite,0.045,0.4053839598829843,0.40581659586152796,0.00043263597854364955
2.999999999999891,psi_end_correction_rad,10,+,link6_to_satellite,0.045,0.43829592454873134,0.4383544105470751,5.848599834373802e-05
2.999999999999891,psi_end_correction_rad,10,+,link7_to_satellite,0.045,0.4944768131645247,0.4944768131645247,0.0
2.999999999999891,psi_end_correction_rad,10,+,link0_to_link4,0.045,0.35791871418438886,0.3583477351965423,0.0004290210121534188
2.999999999999891,psi_end_correction_rad,10,+,link0_to_link5,0.045,0.4467756707924806,0.4469666827554859,0.00019101196300530532
2.999999999999891,psi_end_correction_rad,10,+,link0_to_link6,0.045,0.4866991374382887,0.4866991374382887,0.0
2.999999999999891,psi_end_correction_rad,10,+,link0_to_link7,0.045,0.57494055276315,0.57494055276315,0.0
2.999999999999891,psi_end_correction_rad,10,+,link1_to_link5,0.045,0.3438339930898615,0.3438339930898615,0.0
2.999999999999891,psi_end_correction_rad,10,+,link1_to_link6,0.045,0.4169299491171001,0.4169299491171001,0.0
2.999999999999891,psi_end_correction_rad,10,+,link1_to_link7,0.045,0.5255854187117294,0.5255854187117294,0.0
2.999999999999891,psi_end_correction_rad,10,+,link2_to_link6,0.045,0.28048244439424685,0.28048244439424685,0.0
2.999999999999891,psi_end_correction_rad,10,+,link2_to_link7,0.045,0.40215979808825697,0.402155787380328,-4.010707928991941e-06
2.999999999999891,psi_end_correction_rad,10,+,link3_to_link7,0.045,0.3761764536509402,0.3761764536509402,0.0
2.999999999999891,psi_end_correction_rad,10,+,satellite_base_collision__tumbling_target_geom,0.002,0.7706904837043022,0.7707074639943026,1.6980290000412346e-05
2.999999999999891,psi_end_correction_rad,10,+,satellite_base_collision__target_contact_plate,0.002,0.810753505658701,0.8107772638993075,2.3758240606519543e-05
2.999999999999891,psi_end_correction_rad,10,+,link0_collision__tumbling_target_geom,0.002,0.8675276236442386,0.8675276236442386,0.0
2.999999999999891,psi_end_correction_rad,10,+,link0_collision__target_contact_plate,0.002,0.8931866920901979,0.8931866920901979,0.0
2.999999999999891,psi_end_correction_rad,10,+,link1_collision__tumbling_target_geom,0.002,0.7991971945206834,0.7991971945206834,0.0
2.999999999999891,psi_end_correction_rad,10,+,link1_collision__target_contact_plate,0.002,0.8023312592477693,0.8023312592477693,0.0
2.999999999999891,psi_end_correction_rad,10,+,link2_collision__tumbling_target_geom,0.002,0.64332073331454,0.64332073331454,0.0
2.999999999999891,psi_end_correction_rad,10,+,link2_collision__target_contact_plate,0.002,0.6449149345934124,0.6449149345934124,0.0
2.999999999999891,psi_end_correction_rad,10,+,link3_collision__tumbling_target_geom,0.002,0.49423898248287707,0.49423898248287707,0.0
2.999999999999891,psi_end_correction_rad,10,+,link3_collision__target_contact_plate,0.002,0.5015071595656252,0.5015071595656252,0.0
2.999999999999891,psi_end_correction_rad,10,+,link4_collision__tumbling_target_geom,0.002,0.36721613401084274,0.36721613401084274,0.0
2.999999999999891,psi_end_correction_rad,10,+,link4_collision__target_contact_plate,0.002,0.3672161340108428,0.3672161340108428,0.0
2.999999999999891,psi_end_correction_rad,10,+,link5_collision__tumbling_target_geom,0.002,0.19368762084155094,0.19368762818089763,7.339346685952819e-09
2.999999999999891,psi_end_correction_rad,10,+,link5_collision__target_contact_plate,0.002,0.19993600608384263,0.19993521592460944,-7.901592331827079e-07
2.999999999999891,psi_end_correction_rad,10,+,link6_collision__tumbling_target_geom,0.002,0.15485410158876814,0.15485410158876814,0.0
2.999999999999891,psi_end_correction_rad,10,+,link6_collision__target_contact_plate,0.002,0.1927312079554138,0.19272970215839308,-1.5057970207121851e-06
2.999999999999891,psi_end_correction_rad,10,+,link7_collision__tumbling_target_geom,0.002,0.11996176716141795,0.11996602101488821,4.253853470262414e-06
2.999999999999891,psi_end_correction_rad,10,+,link7_collision__target_contact_plate,0.002,0.18741338665523505,0.18741732672240555,3.940067170499217e-06
2.999999999999891,psi_end_correction_rad,10,+,gripper_contact_pad__tumbling_target_geom,-0.002,0.13599390166984057,0.13599929699518384,5.395325343271473e-06
2.999999999999891,psi_end_correction_rad,10,+,n206_spacer__tumbling_target_geom,0.002,0.13196606099769406,0.1319712893478112,5.228350117125746e-06
2.999999999999891,psi_end_correction_rad,10,+,n206_spacer__target_contact_plate,0.002,0.2170715217328163,0.2170798027534936,8.281020677292084e-06
2.999999999999891,psi_end_correction_rad,10,+,n206_spacer__satellite_base_collision,0.045,0.5068362077562499,0.5068362077562499,0.0
2.999999999999891,psi_end_correction_rad,10,+,n206_spacer__link0_collision,0.045,0.6168090410105412,0.6168090410105412,0.0
2.999999999999891,psi_end_correction_rad,10,+,n206_spacer__link1_collision,0.045,0.6012519597607741,0.6012519597607741,0.0
2.999999999999891,psi_end_correction_rad,10,+,n206_spacer__link2_collision,0.045,0.49898760252528634,0.49898760252528634,0.0
2.999999999999891,psi_end_correction_rad,10,+,n206_spacer__link3_collision,0.045,0.48234406825471604,0.48234406825471604,0.0
2.999999999999891,psi_end_correction_rad,10,+,n206_spacer__link4_collision,0.045,0.33466370288994646,0.33477220490448073,0.000108502014534273
2.999999999999891,psi_end_correction_rad,10,+,n206_spacer__link5_collision,0.045,0.11183211356575272,0.11186265205033787,3.053848458514641e-05
2.999999999999891,psi_end_correction_rad,10,+,n206_spacer__link6_collision,0.045,0.08391401432514524,0.08391401432513927,-5.9674487573602164e-15
2.999999999999891,psi_end_correction_rad,10,+,n206_spacer__workspace_obstacle_0,0.045,1.955,1.955,0.0
2.999999999999891,psi_end_correction_rad,10,+,gripper_contact_pad__satellite_base_collision,0.045,0.5067243101077546,0.5067243101077546,0.0
2.999999999999891,psi_end_correction_rad,10,+,gripper_contact_pad__link0_collision,0.045,0.6199291475002481,0.6199291475002481,0.0
2.999999999999891,psi_end_correction_rad,10,+,gripper_contact_pad__link1_collision,0.045,0.6062427090279173,0.6062427090279173,0.0
2.999999999999891,psi_end_correction_rad,10,+,gripper_contact_pad__link2_collision,0.045,0.5063381204736694,0.5063381204736694,0.0
2.999999999999891,psi_end_correction_rad,10,+,gripper_contact_pad__link3_collision,0.045,0.49036571853606886,0.49036571853606886,0.0
2.999999999999891,psi_end_correction_rad,10,+,gripper_contact_pad__link4_collision,0.045,0.34225608228532545,0.34237659689138905,0.0001205146060636042
2.999999999999891,psi_end_correction_rad,10,+,gripper_contact_pad__link5_collision,0.045,0.11997960011198285,0.12000725331155497,2.7653199572125198e-05
2.999999999999891,psi_end_correction_rad,10,+,gripper_contact_pad__link6_collision,0.045,0.09371401399110922,0.09371401399108843,-2.0788926136106056e-14
2.999999999999891,psi_end_correction_rad,10,+,gripper_contact_pad__workspace_obstacle_0,0.045,1.955,1.955,0.0
4.599999999999715,remaining_time_s,1,-,link2_to_satellite,0.045,0.203144916894887,0.19899622932122685,-0.004148687573660159
4.599999999999715,remaining_time_s,1,-,link3_to_satellite,0.045,0.14833861419662026,0.13644373900811202,-0.011894875188508236
4.599999999999715,remaining_time_s,1,-,link4_to_satellite,0.045,0.09209288293922645,0.0861559409983192,-0.005936941940907242
4.599999999999715,remaining_time_s,1,-,link5_to_satellite,0.045,0.28851964972407346,0.29030155264954394,0.00178190292547048
4.599999999999715,remaining_time_s,1,-,link6_to_satellite,0.045,0.423237286403831,0.42324623585928534,8.949455454321242e-06
4.599999999999715,remaining_time_s,1,-,link7_to_satellite,0.045,0.5407660299498744,0.5407660299498744,0.0
4.599999999999715,remaining_time_s,1,-,link0_to_link4,0.045,0.22366824945248542,0.22040032538816268,-0.003267924064322747
4.599999999999715,remaining_time_s,1,-,link0_to_link5,0.045,0.40974296596447723,0.40968486022470424,-5.81057397729956e-05
4.599999999999715,remaining_time_s,1,-,link0_to_link6,0.045,0.5033393878782083,0.5033393878782083,0.0
4.599999999999715,remaining_time_s,1,-,link0_to_link7,0.045,0.6145179717511294,0.6145179717511294,0.0
4.599999999999715,remaining_time_s,1,-,link1_to_link5,0.045,0.3599453512414983,0.3599453512414983,0.0
4.599999999999715,remaining_time_s,1,-,link1_to_link6,0.045,0.44635561705403687,0.44635561705403687,0.0
4.599999999999715,remaining_time_s,1,-,link1_to_link7,0.045,0.5577310003620393,0.5577310003620393,0.0
4.599999999999715,remaining_time_s,1,-,link2_to_link6,0.045,0.305862893932181,0.305862893932181,0.0
4.599999999999715,remaining_time_s,1,-,link2_to_link7,0.045,0.42728365511888955,0.42728365511888955,0.0
4.599999999999715,remaining_time_s,1,-,link3_to_link7,0.045,0.3801025769879682,0.3806794948259148,0.0005769178379466111
4.599999999999715,remaining_time_s,1,-,satellite_base_collision__tumbling_target_geom,0.002,0.7748359118366829,0.7748359118366829,0.0
4.599999999999715,remaining_time_s,1,-,satellite_base_collision__target_contact_plate,0.002,0.802611884915248,0.8026153608872524,3.4759720043409104e-06
4.599999999999715,remaining_time_s,1,-,link0_collision__tumbling_target_geom,0.002,0.8926910561353506,0.8926910561353506,0.0
4.599999999999715,remaining_time_s,1,-,link0_collision__target_contact_plate,0.002,0.9004818225178673,0.9004818225178673,0.0
4.599999999999715,remaining_time_s,1,-,link1_collision__tumbling_target_geom,0.002,0.7962692384745682,0.7958100036909029,-0.00045923478366527437
4.599999999999715,remaining_time_s,1,-,link1_collision__target_contact_plate,0.002,0.8097509944806319,0.8097509944806319,0.0
4.599999999999715,remaining_time_s,1,-,link2_collision__tumbling_target_geom,0.002,0.6853134960409571,0.6853134960409571,0.0
4.599999999999715,remaining_time_s,1,-,link2_collision__target_contact_plate,0.002,0.6853135815262852,0.6853135815262852,0.0
4.599999999999715,remaining_time_s,1,-,link3_collision__tumbling_target_geom,0.002,0.6016171614599468,0.6016171614599468,0.0
4.599999999999715,remaining_time_s,1,-,link3_collision__target_contact_plate,0.002,0.6098582388677661,0.6098582388677661,0.0
4.599999999999715,remaining_time_s,1,-,link4_collision__tumbling_target_geom,0.002,0.45098654354979795,0.45098654354979795,0.0
4.599999999999715,remaining_time_s,1,-,link4_collision__target_contact_plate,0.002,0.46285538177309954,0.46285538177309954,0.0
4.599999999999715,remaining_time_s,1,-,link5_collision__tumbling_target_geom,0.002,0.22636976331848885,0.22636976331848885,0.0
4.599999999999715,remaining_time_s,1,-,link5_collision__target_contact_plate,0.002,0.226947547948808,0.226947547948808,0.0
4.599999999999715,remaining_time_s,1,-,link6_collision__tumbling_target_geom,0.002,0.17050506694915574,0.16589399261536256,-0.00461107433379318
4.599999999999715,remaining_time_s,1,-,link6_collision__target_contact_plate,0.002,0.17126838249485782,0.16611918434689696,-0.0051491981479608595
4.599999999999715,remaining_time_s,1,-,link7_collision__tumbling_target_geom,0.002,0.06839741900574921,0.0639754085012852,-0.004422010504464002
4.599999999999715,remaining_time_s,1,-,link7_collision__target_contact_plate,0.002,0.06901371977633569,0.06437966064776651,-0.004634059128569179
4.599999999999715,remaining_time_s,1,-,gripper_contact_pad__tumbling_target_geom,-0.002,0.052442117076242044,0.04802841077788966,-0.004413706298352381
4.599999999999715,remaining_time_s,1,-,n206_spacer__tumbling_target_geom,0.002,0.057149204558137205,0.05273099140894809,-0.004418213149189117
4.599999999999715,remaining_time_s,1,-,n206_spacer__target_contact_plate,0.002,0.05784088710053277,0.05286298692882806,-0.004977900171704713
4.599999999999715,remaining_time_s,1,-,n206_spacer__satellite_base_collision,0.045,0.6141305471117313,0.6141305471117313,0.0
4.599999999999715,remaining_time_s,1,-,n206_spacer__link0_collision,0.045,0.7182864285880092,0.7182864285880092,0.0
4.599999999999715,remaining_time_s,1,-,n206_spacer__link1_collision,0.045,0.6786214662503759,0.6786214662503759,0.0
4.599999999999715,remaining_time_s,1,-,n206_spacer__link2_collision,0.045,0.5457439789491022,0.5457439789491022,0.0
4.599999999999715,remaining_time_s,1,-,n206_spacer__link3_collision,0.045,0.4887186765299281,0.4887186765299281,0.0
4.599999999999715,remaining_time_s,1,-,n206_spacer__link4_collision,0.045,0.3351747610183795,0.3351747610183795,0.0
4.599999999999715,remaining_time_s,1,-,n206_spacer__link5_collision,0.045,0.11198529254319821,0.11198529254319821,0.0
4.599999999999715,remaining_time_s,1,-,n206_spacer__link6_collision,0.045,0.08391401432515304,0.08391401432515695,3.913536161803677e-15
4.599999999999715,remaining_time_s,1,-,n206_spacer__workspace_obstacle_0,0.045,1.955,1.955,0.0
4.599999999999715,remaining_time_s,1,-,gripper_contact_pad__satellite_base_collision,0.045,0.6195996218654862,0.6195996218654862,0.0
4.599999999999715,remaining_time_s,1,-,gripper_contact_pad__link0_collision,0.045,0.7260260436228626,0.7260260436228626,0.0
4.599999999999715,remaining_time_s,1,-,gripper_contact_pad__link1_collision,0.045,0.6878385173984765,0.6878385173984765,0.0
4.599999999999715,remaining_time_s,1,-,gripper_contact_pad__link2_collision,0.045,0.55464989600155,0.55464989600155,0.0
4.599999999999715,remaining_time_s,1,-,gripper_contact_pad__link3_collision,0.045,0.4967302533785131,0.4967302533785131,0.0
4.599999999999715,remaining_time_s,1,-,gripper_contact_pad__link4_collision,0.045,0.3427869866245947,0.3427869866245947,0.0
4.599999999999715,remaining_time_s,1,-,gripper_contact_pad__link5_collision,0.045,0.12011857611547082,0.12011857611547082,0.0
4.599999999999715,remaining_time_s,1,-,gripper_contact_pad__link6_collision,0.045,0.0937140139911377,0.0937140139911395,1.8041124150158794e-15
4.599999999999715,remaining_time_s,1,-,gripper_contact_pad__workspace_obstacle_0,0.045,1.955,1.955,0.0
4.599999999999715,remaining_time_s,2,+,link2_to_satellite,0.045,0.203144916894887,0.2040390288370293,0.0008941119421422838
4.599999999999715,remaining_time_s,2,+,link3_to_satellite,0.045,0.14833861419662026,0.15087388394307616,0.0025352697464559037
4.599999999999715,remaining_time_s,2,+,link4_to_satellite,0.045,0.09209288293922645,0.09366121057677011,0.001568327637543665
4.599999999999715,remaining_time_s,2,+,link5_to_satellite,0.045,0.28851964972407346,0.2881607582783111,-0.0003588914457623438
4.599999999999715,remaining_time_s,2,+,link6_to_satellite,0.045,0.423237286403831,0.4232357746364648,-1.5117673662357056e-06
4.599999999999715,remaining_time_s,2,+,link7_to_satellite,0.045,0.5407660299498744,0.5407660299498744,0.0
4.599999999999715,remaining_time_s,2,+,link0_to_link4,0.045,0.22366824945248542,0.22436799592905587,0.0006997464765704509
4.599999999999715,remaining_time_s,2,+,link0_to_link5,0.045,0.40974296596447723,0.40975591094371305,1.2944979235818277e-05
4.599999999999715,remaining_time_s,2,+,link0_to_link6,0.045,0.5033393878782083,0.5033393878782083,0.0
4.599999999999715,remaining_time_s,2,+,link0_to_link7,0.045,0.6145179717511294,0.6145179717511294,0.0
4.599999999999715,remaining_time_s,2,+,link1_to_link5,0.045,0.3599453512414983,0.3599453512414983,0.0
4.599999999999715,remaining_time_s,2,+,link1_to_link6,0.045,0.44635561705403687,0.44635561705403687,0.0
4.599999999999715,remaining_time_s,2,+,link1_to_link7,0.045,0.5577310003620393,0.5577310003620393,0.0
4.599999999999715,remaining_time_s,2,+,link2_to_link6,0.045,0.305862893932181,0.305862893932181,0.0
4.599999999999715,remaining_time_s,2,+,link2_to_link7,0.045,0.42728365511888955,0.42728365511888955,0.0
4.599999999999715,remaining_time_s,2,+,link3_to_link7,0.045,0.3801025769879682,0.38000351093289997,-9.906605506820876e-05
4.599999999999715,remaining_time_s,2,+,satellite_base_collision__tumbling_target_geom,0.002,0.7748359118366829,0.7748359118366829,0.0
4.599999999999715,remaining_time_s,2,+,satellite_base_collision__target_contact_plate,0.002,0.802611884915248,0.8026114223007502,-4.6261449782036834e-07
4.599999999999715,remaining_time_s,2,+,link0_collision__tumbling_target_geom,0.002,0.8926910561353506,0.8926910561353506,0.0
4.599999999999715,remaining_time_s,2,+,link0_collision__target_contact_plate,0.002,0.9004818225178673,0.9004818225178673,0.0
4.599999999999715,remaining_time_s,2,+,link1_collision__tumbling_target_geom,0.002,0.7962692384745682,0.796357624947581,8.838647301279146e-05
4.599999999999715,remaining_time_s,2,+,link1_collision__target_contact_plate,0.002,0.8097509944806319,0.8097509944806319,0.0
4.599999999999715,remaining_time_s,2,+,link2_collision__tumbling_target_geom,0.002,0.6853134960409571,0.6853134960409571,0.0
4.599999999999715,remaining_time_s,2,+,link2_collision__target_contact_plate,0.002,0.6853135815262852,0.6853135815262852,0.0
4.599999999999715,remaining_time_s,2,+,link3_collision__tumbling_target_geom,0.002,0.6016171614599468,0.6016171614599468,0.0
4.599999999999715,remaining_time_s,2,+,link3_collision__target_contact_plate,0.002,0.6098582388677661,0.6098582388677661,0.0
4.599999999999715,remaining_time_s,2,+,link4_collision__tumbling_target_geom,0.002,0.45098654354979795,0.45098654354979795,0.0
4.599999999999715,remaining_time_s,2,+,link4_collision__target_contact_plate,0.002,0.46285538177309954,0.46285538177309954,0.0
4.599999999999715,remaining_time_s,2,+,link5_collision__tumbling_target_geom,0.002,0.22636976331848885,0.22636976331848885,0.0
4.599999999999715,remaining_time_s,2,+,link5_collision__target_contact_plate,0.002,0.226947547948808,0.226947547948808,0.0
4.599999999999715,remaining_time_s,2,+,link6_collision__tumbling_target_geom,0.002,0.17050506694915574,0.17144457052057527,0.000939503571419531
4.599999999999715,remaining_time_s,2,+,link6_collision__target_contact_plate,0.002,0.17126838249485782,0.1723464722905486,0.0010780897956907953
4.599999999999715,remaining_time_s,2,+,link7_collision__tumbling_target_geom,0.002,0.06839741900574921,0.06929129536144811,0.0008938763556989027
4.599999999999715,remaining_time_s,2,+,link7_collision__target_contact_plate,0.002,0.06901371977633569,0.06995798642842728,0.0009442666520915882
4.599999999999715,remaining_time_s,2,+,gripper_contact_pad__tumbling_target_geom,-0.002,0.052442117076242044,0.05333460963952689,0.000892492563284844
4.599999999999715,remaining_time_s,2,+,n206_spacer__tumbling_target_geom,0.002,0.057149204558137205,0.05804246105626005,0.0008932564981228436
4.599999999999715,remaining_time_s,2,+,n206_spacer__target_contact_plate,0.002,0.05784088710053277,0.05896052547432219,0.0011196383737894222
4.599999999999715,remaining_time_s,2,+,n206_spacer__satellite_base_collision,0.045,0.6141305471117313,0.6141305471117313,0.0
4.599999999999715,remaining_time_s,2,+,n206_spacer__link0_collision,0.045,0.7182864285880092,0.7182864285880092,0.0
4.599999999999715,remaining_time_s,2,+,n206_spacer__link1_collision,0.045,0.6786214662503759,0.6786214662503759,0.0
4.599999999999715,remaining_time_s,2,+,n206_spacer__link2_collision,0.045,0.5457439789491022,0.5457439789491022,0.0
4.599999999999715,remaining_time_s,2,+,n206_spacer__link3_collision,0.045,0.4887186765299281,0.4887186765299281,0.0
4.599999999999715,remaining_time_s,2,+,n206_spacer__link4_collision,0.045,0.3351747610183795,0.3351747610183795,0.0
4.599999999999715,remaining_time_s,2,+,n206_spacer__link5_collision,0.045,0.11198529254319821,0.11198529254319821,0.0
4.599999999999715,remaining_time_s,2,+,n206_spacer__link6_collision,0.045,0.08391401432515304,0.08391401432514718,-5.856426454897701e-15
4.599999999999715,remaining_time_s,2,+,n206_spacer__workspace_obstacle_0,0.045,1.955,1.955,0.0
4.599999999999715,remaining_time_s,2,+,gripper_contact_pad__satellite_base_collision,0.045,0.6195996218654862,0.6195996218654862,0.0
4.599999999999715,remaining_time_s,2,+,gripper_contact_pad__link0_collision,0.045,0.7260260436228626,0.7260260436228626,0.0
4.599999999999715,remaining_time_s,2,+,gripper_contact_pad__link1_collision,0.045,0.6878385173984765,0.6878385173984765,0.0
4.599999999999715,remaining_time_s,2,+,gripper_contact_pad__link2_collision,0.045,0.55464989600155,0.55464989600155,0.0
4.599999999999715,remaining_time_s,2,+,gripper_contact_pad__link3_collision,0.045,0.4967302533785131,0.4967302533785131,0.0
4.599999999999715,remaining_time_s,2,+,gripper_contact_pad__link4_collision,0.045,0.3427869866245947,0.3427869866245947,0.0
4.599999999999715,remaining_time_s,2,+,gripper_contact_pad__link5_collision,0.045,0.12011857611547082,0.12011857611547082,0.0
4.599999999999715,remaining_time_s,2,+,gripper_contact_pad__link6_collision,0.045,0.0937140139911377,0.09371401399113959,1.887379141862766e-15
4.599999999999715,remaining_time_s,2,+,gripper_contact_pad__workspace_obstacle_0,0.045,1.955,1.955,0.0
4.599999999999715,normal_bump_m,3,-,link2_to_satellite,0.045,0.203144916894887,0.20409845433272417,0.0009535374378371597
4.599999999999715,normal_bump_m,3,-,link3_to_satellite,0.045,0.14833861419662026,0.1499294296589157,0.0015908154622954473
4.599999999999715,normal_bump_m,3,-,link4_to_satellite,0.045,0.09209288293922645,0.094303670047707,0.0022107871084805497
4.599999999999715,normal_bump_m,3,-,link5_to_satellite,0.045,0.28851964972407346,0.29176083705154593,0.0032411873274724723
4.599999999999715,normal_bump_m,3,-,link6_to_satellite,0.045,0.423237286403831,0.42324451679800834,7.230394177326627e-06
4.599999999999715,normal_bump_m,3,-,link7_to_satellite,0.045,0.5407660299498744,0.5407660299498744,0.0
4.599999999999715,normal_bump_m,3,-,link0_to_link4,0.045,0.22366824945248542,0.22494868931514056,0.001280439862655136
4.599999999999715,normal_bump_m,3,-,link0_to_link5,0.045,0.40974296596447723,0.410350392296104,0.0006074263316267481
4.599999999999715,normal_bump_m,3,-,link0_to_link6,0.045,0.5033393878782083,0.5033393878782083,0.0
4.599999999999715,normal_bump_m,3,-,link0_to_link7,0.045,0.6145179717511294,0.6145179717511294,0.0
4.599999999999715,normal_bump_m,3,-,link1_to_link5,0.045,0.3599453512414983,0.3599453512414983,0.0
4.599999999999715,normal_bump_m,3,-,link1_to_link6,0.045,0.44635561705403687,0.44635561705403687,0.0
4.599999999999715,normal_bump_m,3,-,link1_to_link7,0.045,0.5577310003620393,0.5577310003620393,0.0
4.599999999999715,normal_bump_m,3,-,link2_to_link6,0.045,0.305862893932181,0.305862893932181,0.0
4.599999999999715,normal_bump_m,3,-,link2_to_link7,0.045,0.42728365511888955,0.42728365511888955,0.0
4.599999999999715,normal_bump_m,3,-,link3_to_link7,0.045,0.3801025769879682,0.3799518116873979,-0.00015076530057028803
4.599999999999715,normal_bump_m,3,-,satellite_base_collision__tumbling_target_geom,0.002,0.7748359118366829,0.7748359118366829,0.0
4.599999999999715,normal_bump_m,3,-,satellite_base_collision__target_contact_plate,0.002,0.802611884915248,0.8026525551193389,4.067020409082023e-05
4.599999999999715,normal_bump_m,3,-,link0_collision__tumbling_target_geom,0.002,0.8926910561353506,0.8926910561353506,0.0
4.599999999999715,normal_bump_m,3,-,link0_collision__target_contact_plate,0.002,0.9004818225178673,0.9004818225178673,0.0
4.599999999999715,normal_bump_m,3,-,link1_collision__tumbling_target_geom,0.002,0.7962692384745682,0.7964167221653089,0.00014748369074069068
4.599999999999715,normal_bump_m,3,-,link1_collision__target_contact_plate,0.002,0.8097509944806319,0.8097509944806319,0.0
4.599999999999715,normal_bump_m,3,-,link2_collision__tumbling_target_geom,0.002,0.6853134960409571,0.6853134960409571,0.0
4.599999999999715,normal_bump_m,3,-,link2_collision__target_contact_plate,0.002,0.6853135815262852,0.6853135815262852,0.0
4.599999999999715,normal_bump_m,3,-,link3_collision__tumbling_target_geom,0.002,0.6016171614599468,0.6016171614599468,0.0
4.599999999999715,normal_bump_m,3,-,link3_collision__target_contact_plate,0.002,0.6098582388677661,0.6098582388677661,0.0
4.599999999999715,normal_bump_m,3,-,link4_collision__tumbling_target_geom,0.002,0.45098654354979795,0.45098654354979795,0.0
4.599999999999715,normal_bump_m,3,-,link4_collision__target_contact_plate,0.002,0.46285538177309954,0.46285538177309954,0.0
4.599999999999715,normal_bump_m,3,-,link5_collision__tumbling_target_geom,0.002,0.22636976331848885,0.22636976331848885,0.0
4.599999999999715,normal_bump_m,3,-,link5_collision__target_contact_plate,0.002,0.226947547948808,0.226947547948808,0.0
4.599999999999715,normal_bump_m,3,-,link6_collision__tumbling_target_geom,0.002,0.17050506694915574,0.16669649298241893,-0.0038085739667368113
4.599999999999715,normal_bump_m,3,-,link6_collision__target_contact_plate,0.002,0.17126838249485782,0.16744958251808015,-0.0038187999767776704
4.599999999999715,normal_bump_m,3,-,link7_collision__tumbling_target_geom,0.002,0.06839741900574921,0.06461822629820077,-0.003779192707548437
4.599999999999715,normal_bump_m,3,-,link7_collision__target_contact_plate,0.002,0.06901371977633569,0.06523652409734242,-0.0037771956789932754
4.599999999999715,normal_bump_m,3,-,gripper_contact_pad__tumbling_target_geom,-0.002,0.052442117076242044,0.048663789847672174,-0.0037783272285698694
4.599999999999715,normal_bump_m,3,-,n206_spacer__tumbling_target_geom,0.002,0.057149204558137205,0.05337008019109634,-0.0037791243670408647
4.599999999999715,normal_bump_m,3,-,n206_spacer__target_contact_plate,0.002,0.05784088710053277,0.05409788514411552,-0.0037430019564172468
4.599999999999715,normal_bump_m,3,-,n206_spacer__satellite_base_collision,0.045,0.6141305471117313,0.6141305471117313,0.0
4.599999999999715,normal_bump_m,3,-,n206_spacer__link0_collision,0.045,0.7182864285880092,0.7182864285880092,0.0
4.599999999999715,normal_bump_m,3,-,n206_spacer__link1_collision,0.045,0.6786214662503759,0.6786214662503759,0.0
4.599999999999715,normal_bump_m,3,-,n206_spacer__link2_collision,0.045,0.5457439789491022,0.5457439789491022,0.0
4.599999999999715,normal_bump_m,3,-,n206_spacer__link3_collision,0.045,0.4887186765299281,0.4887186765299281,0.0
4.599999999999715,normal_bump_m,3,-,n206_spacer__link4_collision,0.045,0.3351747610183795,0.3351747610183795,0.0
4.599999999999715,normal_bump_m,3,-,n206_spacer__link5_collision,0.045,0.11198529254319821,0.11198529254319821,0.0
4.599999999999715,normal_bump_m,3,-,n206_spacer__link6_collision,0.045,0.08391401432515304,0.08391401432515987,6.827871601444713e-15
4.599999999999715,normal_bump_m,3,-,n206_spacer__workspace_obstacle_0,0.045,1.955,1.955,0.0
4.599999999999715,normal_bump_m,3,-,gripper_contact_pad__satellite_base_collision,0.045,0.6195996218654862,0.6195996218654862,0.0
4.599999999999715,normal_bump_m,3,-,gripper_contact_pad__link0_collision,0.045,0.7260260436228626,0.7260260436228626,0.0
4.599999999999715,normal_bump_m,3,-,gripper_contact_pad__link1_collision,0.045,0.6878385173984765,0.6878385173984765,0.0
4.599999999999715,normal_bump_m,3,-,gripper_contact_pad__link2_collision,0.045,0.55464989600155,0.55464989600155,0.0
4.599999999999715,normal_bump_m,3,-,gripper_contact_pad__link3_collision,0.045,0.4967302533785131,0.4967302533785131,0.0
4.599999999999715,normal_bump_m,3,-,gripper_contact_pad__link4_collision,0.045,0.3427869866245947,0.3427869866245947,0.0
4.599999999999715,normal_bump_m,3,-,gripper_contact_pad__link5_collision,0.045,0.12011857611547082,0.12011857611547082,0.0
4.599999999999715,normal_bump_m,3,-,gripper_contact_pad__link6_collision,0.045,0.0937140139911377,0.09371401399113773,2.7755575615628914e-17
4.599999999999715,normal_bump_m,3,-,gripper_contact_pad__workspace_obstacle_0,0.045,1.955,1.955,0.0
4.599999999999715,normal_bump_m,4,+,link2_to_satellite,0.045,0.203144916894887,0.202206175644559,-0.0009387412503280013
4.599999999999715,normal_bump_m,4,+,link3_to_satellite,0.045,0.14833861419662026,0.1467839465490473,-0.0015546676475729493
4.599999999999715,normal_bump_m,4,+,link4_to_satellite,0.045,0.09209288293922645,0.09000025362812221,-0.0020926293111042382
4.599999999999715,normal_bump_m,4,+,link5_to_satellite,0.045,0.28851964972407346,0.2852667789070944,-0.0032528708169790588
4.599999999999715,normal_bump_m,4,+,link6_to_satellite,0.045,0.423237286403831,0.42323005603178726,-7.230372043753874e-06
4.599999999999715,normal_bump_m,4,+,link7_to_satellite,0.045,0.5407660299498744,0.5407660299498744,0.0
4.599999999999715,normal_bump_m,4,+,link0_to_link4,0.045,0.22366824945248542,0.22235557157085672,-0.0013126778816286988
4.599999999999715,normal_bump_m,4,+,link0_to_link5,0.045,0.40974296596447723,0.40853678396549026,-0.001206181998986977
4.599999999999715,normal_bump_m,4,+,link0_to_link6,0.045,0.5033393878782083,0.5033393878782083,0.0
4.599999999999715,normal_bump_m,4,+,link0_to_link7,0.045,0.6145179717511294,0.6145179717511294,0.0
4.599999999999715,normal_bump_m,4,+,link1_to_link5,0.045,0.3599453512414983,0.3599453512414983,0.0
4.599999999999715,normal_bump_m,4,+,link1_to_link6,0.045,0.44635561705403687,0.44635561705403687,0.0
4.599999999999715,normal_bump_m,4,+,link1_to_link7,0.045,0.5577310003620393,0.5577310003620393,0.0
4.599999999999715,normal_bump_m,4,+,link2_to_link6,0.045,0.305862893932181,0.305862893932181,0.0
4.599999999999715,normal_bump_m,4,+,link2_to_link7,0.045,0.42728365511888955,0.42728365511888955,0.0
4.599999999999715,normal_bump_m,4,+,link3_to_link7,0.045,0.3801025769879682,0.38026256736995745,0.0001599903819892723
4.599999999999715,normal_bump_m,4,+,satellite_base_collision__tumbling_target_geom,0.002,0.7748359118366829,0.7748359118366829,0.0
4.599999999999715,normal_bump_m,4,+,satellite_base_collision__target_contact_plate,0.002,0.802611884915248,0.8025549297681774,-5.695514707060312e-05
4.599999999999715,normal_bump_m,4,+,link0_collision__tumbling_target_geom,0.002,0.8926910561353506,0.8926910561353506,0.0
4.599999999999715,normal_bump_m,4,+,link0_collision__target_contact_plate,0.002,0.9004818225178673,0.9004818225178673,0.0
4.599999999999715,normal_bump_m,4,+,link1_collision__tumbling_target_geom,0.002,0.7962692384745682,0.7961235606824273,-0.00014567779214091914
4.599999999999715,normal_bump_m,4,+,link1_collision__target_contact_plate,0.002,0.8097509944806319,0.8097509944806319,0.0
4.599999999999715,normal_bump_m,4,+,link2_collision__tumbling_target_geom,0.002,0.6853134960409571,0.6853134960409571,0.0
4.599999999999715,normal_bump_m,4,+,link2_collision__target_contact_plate,0.002,0.6853135815262852,0.6853135815262852,0.0
4.599999999999715,normal_bump_m,4,+,link3_collision__tumbling_target_geom,0.002,0.6016171614599468,0.6016171614599468,0.0
4.599999999999715,normal_bump_m,4,+,link3_collision__target_contact_plate,0.002,0.6098582388677661,0.6098582388677661,0.0
4.599999999999715,normal_bump_m,4,+,link4_collision__tumbling_target_geom,0.002,0.45098654354979795,0.45098654354979795,0.0
4.599999999999715,normal_bump_m,4,+,link4_collision__target_contact_plate,0.002,0.46285538177309954,0.46285538177309954,0.0
4.599999999999715,normal_bump_m,4,+,link5_collision__tumbling_target_geom,0.002,0.22636976331848885,0.22636976331848885,0.0
4.599999999999715,normal_bump_m,4,+,link5_collision__target_contact_plate,0.002,0.226947547948808,0.226947547948808,0.0
4.599999999999715,normal_bump_m,4,+,link6_collision__tumbling_target_geom,0.002,0.17050506694915574,0.1738241872741412,0.003319120324985464
4.599999999999715,normal_bump_m,4,+,link6_collision__target_contact_plate,0.002,0.17126838249485782,0.17508813734049836,0.0038197548456405384
4.599999999999715,normal_bump_m,4,+,link7_collision__tumbling_target_geom,0.002,0.06839741900574921,0.07217731329306107,0.0037798942873118607
4.599999999999715,normal_bump_m,4,+,link7_collision__target_contact_plate,0.002,0.06901371977633569,0.0727916470085503,0.003777927232214609
4.599999999999715,normal_bump_m,4,+,gripper_contact_pad__tumbling_target_geom,-0.002,0.052442117076242044,0.056221159695675545,0.003779042619433501
4.599999999999715,normal_bump_m,4,+,n206_spacer__tumbling_target_geom,0.002,0.057149204558137205,0.06092905301494596,0.003779848456808753
4.599999999999715,normal_bump_m,4,+,n206_spacer__target_contact_plate,0.002,0.05784088710053277,0.061588304096471064,0.0037474169959382936
4.599999999999715,normal_bump_m,4,+,n206_spacer__satellite_base_collision,0.045,0.6141305471117313,0.6141305471117313,0.0
4.599999999999715,normal_bump_m,4,+,n206_spacer__link0_collision,0.045,0.7182864285880092,0.7182864285880092,0.0
4.599999999999715,normal_bump_m,4,+,n206_spacer__link1_collision,0.045,0.6786214662503759,0.6786214662503759,0.0
4.599999999999715,normal_bump_m,4,+,n206_spacer__link2_collision,0.045,0.5457439789491022,0.5457439789491022,0.0
4.599999999999715,normal_bump_m,4,+,n206_spacer__link3_collision,0.045,0.4887186765299281,0.4887186765299281,0.0
4.599999999999715,normal_bump_m,4,+,n206_spacer__link4_collision,0.045,0.3351747610183795,0.3351747610183795,0.0
4.599999999999715,normal_bump_m,4,+,n206_spacer__link5_collision,0.045,0.11198529254319821,0.11198529254319821,0.0
4.599999999999715,normal_bump_m,4,+,n206_spacer__link6_collision,0.045,0.08391401432515304,0.08391401432514962,-3.4139358007223564e-15
4.599999999999715,normal_bump_m,4,+,n206_spacer__workspace_obstacle_0,0.045,1.955,1.955,0.0
4.599999999999715,normal_bump_m,4,+,gripper_contact_pad__satellite_base_collision,0.045,0.6195996218654862,0.6195996218654862,0.0
4.599999999999715,normal_bump_m,4,+,gripper_contact_pad__link0_collision,0.045,0.7260260436228626,0.7260260436228626,0.0
4.599999999999715,normal_bump_m,4,+,gripper_contact_pad__link1_collision,0.045,0.6878385173984765,0.6878385173984765,0.0
4.599999999999715,normal_bump_m,4,+,gripper_contact_pad__link2_collision,0.045,0.55464989600155,0.55464989600155,0.0
4.599999999999715,normal_bump_m,4,+,gripper_contact_pad__link3_collision,0.045,0.4967302533785131,0.4967302533785131,0.0
4.599999999999715,normal_bump_m,4,+,gripper_contact_pad__link4_collision,0.045,0.3427869866245947,0.3427869866245947,0.0
4.599999999999715,normal_bump_m,4,+,gripper_contact_pad__link5_collision,0.045,0.12011857611547082,0.12011857611547082,0.0
4.599999999999715,normal_bump_m,4,+,gripper_contact_pad__link6_collision,0.045,0.0937140139911377,0.09371401399113562,-2.0816681711721685e-15
4.599999999999715,normal_bump_m,4,+,gripper_contact_pad__workspace_obstacle_0,0.045,1.955,1.955,0.0
4.599999999999715,tangent_bump_m,5,-,link2_to_satellite,0.045,0.203144916894887,0.20335178005741106,0.00020686316252405135
4.599999999999715,tangent_bump_m,5,-,link3_to_satellite,0.045,0.14833861419662026,0.14894691055038733,0.0006082963537670794
4.599999999999715,tangent_bump_m,5,-,link4_to_satellite,0.045,0.09209288293922645,0.09295597172712118,0.0008630887878947335
4.599999999999715,tangent_bump_m,5,-,link5_to_satellite,0.045,0.28851964972407346,0.28998701124035386,0.0014673615162804077
4.599999999999715,tangent_bump_m,5,-,link6_to_satellite,0.045,0.423237286403831,0.42324119555283213,3.909149001113388e-06
4.599999999999715,tangent_bump_m,5,-,link7_to_satellite,0.045,0.5407660299498744,0.5407660299498744,0.0
4.599999999999715,tangent_bump_m,5,-,link0_to_link4,0.045,0.22366824945248542,0.22433592524808538,0.0006676757955999535
4.599999999999715,tangent_bump_m,5,-,link0_to_link5,0.045,0.40974296596447723,0.4097274889667503,-1.5476997726915354e-05
4.599999999999715,tangent_bump_m,5,-,link0_to_link6,0.045,0.5033393878782083,0.5033393878782083,0.0
4.599999999999715,tangent_bump_m,5,-,link0_to_link7,0.045,0.6145179717511294,0.6145179717511294,0.0
4.599999999999715,tangent_bump_m,5,-,link1_to_link5,0.045,0.3599453512414983,0.3599453512414983,0.0
4.599999999999715,tangent_bump_m,5,-,link1_to_link6,0.045,0.44635561705403687,0.44635561705403687,0.0
4.599999999999715,tangent_bump_m,5,-,link1_to_link7,0.045,0.5577310003620393,0.5577310003620393,0.0
4.599999999999715,tangent_bump_m,5,-,link2_to_link6,0.045,0.305862893932181,0.305862893932181,0.0
4.599999999999715,tangent_bump_m,5,-,link2_to_link7,0.045,0.42728365511888955,0.42728365511888955,0.0
4.599999999999715,tangent_bump_m,5,-,link3_to_link7,0.045,0.3801025769879682,0.3803384929238767,0.0002359159359085483
4.599999999999715,tangent_bump_m,5,-,satellite_base_collision__tumbling_target_geom,0.002,0.7748359118366829,0.7748359118366829,0.0
4.599999999999715,tangent_bump_m,5,-,satellite_base_collision__target_contact_plate,0.002,0.802611884915248,0.8026143003295131,2.4154142650445465e-06
4.599999999999715,tangent_bump_m,5,-,link0_collision__tumbling_target_geom,0.002,0.8926910561353506,0.8926910561353506,0.0
4.599999999999715,tangent_bump_m,5,-,link0_collision__target_contact_plate,0.002,0.9004818225178673,0.9004818225178673,0.0
4.599999999999715,tangent_bump_m,5,-,link1_collision__tumbling_target_geom,0.002,0.7962692384745682,0.7958097794102554,-0.0004594590643127727
4.599999999999715,tangent_bump_m,5,-,link1_collision__target_contact_plate,0.002,0.8097509944806319,0.8097509944806319,0.0
4.599999999999715,tangent_bump_m,5,-,link2_collision__tumbling_target_geom,0.002,0.6853134960409571,0.6853134960409571,0.0
4.599999999999715,tangent_bump_m,5,-,link2_collision__target_contact_plate,0.002,0.6853135815262852,0.6853135815262852,0.0
4.599999999999715,tangent_bump_m,5,-,link3_collision__tumbling_target_geom,0.002,0.6016171614599468,0.6016171614599468,0.0
4.599999999999715,tangent_bump_m,5,-,link3_collision__target_contact_plate,0.002,0.6098582388677661,0.6098582388677661,0.0
4.599999999999715,tangent_bump_m,5,-,link4_collision__tumbling_target_geom,0.002,0.45098654354979795,0.45098654354979795,0.0
4.599999999999715,tangent_bump_m,5,-,link4_collision__target_contact_plate,0.002,0.46285538177309954,0.46285538177309954,0.0
4.599999999999715,tangent_bump_m,5,-,link5_collision__tumbling_target_geom,0.002,0.22636976331848885,0.22636976331848885,0.0
4.599999999999715,tangent_bump_m,5,-,link5_collision__target_contact_plate,0.002,0.226947547948808,0.226947547948808,0.0
4.599999999999715,tangent_bump_m,5,-,link6_collision__tumbling_target_geom,0.002,0.17050506694915574,0.17050407777379165,-9.89175364091155e-07
4.599999999999715,tangent_bump_m,5,-,link6_collision__target_contact_plate,0.002,0.17126838249485782,0.1712698628464114,1.4803515535899425e-06
4.599999999999715,tangent_bump_m,5,-,link7_collision__tumbling_target_geom,0.002,0.06839741900574921,0.06838923666509161,-8.182340657594822e-06
4.599999999999715,tangent_bump_m,5,-,link7_collision__target_contact_plate,0.002,0.06901371977633569,0.06893269075483838,-8.102902149731417e-05
4.599999999999715,tangent_bump_m,5,-,gripper_contact_pad__tumbling_target_geom,-0.002,0.052442117076242044,0.05243381612754999,-8.30094869205128e-06
4.599999999999715,tangent_bump_m,5,-,n206_spacer__tumbling_target_geom,0.002,0.057149204558137205,0.057141186014405466,-8.018543731738714e-06
4.599999999999715,tangent_bump_m,5,-,n206_spacer__target_contact_plate,0.002,0.05784088710053277,0.057599287562690026,-0.00024159953784274463
4.599999999999715,tangent_bump_m,5,-,n206_spacer__satellite_base_collision,0.045,0.6141305471117313,0.6141305471117313,0.0
4.599999999999715,tangent_bump_m,5,-,n206_spacer__link0_collision,0.045,0.7182864285880092,0.7182864285880092,0.0
4.599999999999715,tangent_bump_m,5,-,n206_spacer__link1_collision,0.045,0.6786214662503759,0.6786214662503759,0.0
4.599999999999715,tangent_bump_m,5,-,n206_spacer__link2_collision,0.045,0.5457439789491022,0.5457439789491022,0.0
4.599999999999715,tangent_bump_m,5,-,n206_spacer__link3_collision,0.045,0.4887186765299281,0.4887186765299281,0.0
4.599999999999715,tangent_bump_m,5,-,n206_spacer__link4_collision,0.045,0.3351747610183795,0.3351747610183795,0.0
4.599999999999715,tangent_bump_m,5,-,n206_spacer__link5_collision,0.045,0.11198529254319821,0.11198529254319821,0.0
4.599999999999715,tangent_bump_m,5,-,n206_spacer__link6_collision,0.045,0.08391401432515304,0.08391401432515298,-5.551115123125783e-17
4.599999999999715,tangent_bump_m,5,-,n206_spacer__workspace_obstacle_0,0.045,1.955,1.955,0.0
4.599999999999715,tangent_bump_m,5,-,gripper_contact_pad__satellite_base_collision,0.045,0.6195996218654862,0.6195996218654862,0.0
4.599999999999715,tangent_bump_m,5,-,gripper_contact_pad__link0_collision,0.045,0.7260260436228626,0.7260260436228626,0.0
4.599999999999715,tangent_bump_m,5,-,gripper_contact_pad__link1_collision,0.045,0.6878385173984765,0.6878385173984765,0.0
4.599999999999715,tangent_bump_m,5,-,gripper_contact_pad__link2_collision,0.045,0.55464989600155,0.55464989600155,0.0
4.599999999999715,tangent_bump_m,5,-,gripper_contact_pad__link3_collision,0.045,0.4967302533785131,0.4967302533785131,0.0
4.599999999999715,tangent_bump_m,5,-,gripper_contact_pad__link4_collision,0.045,0.3427869866245947,0.3427869866245947,0.0
4.599999999999715,tangent_bump_m,5,-,gripper_contact_pad__link5_collision,0.045,0.12011857611547082,0.12011857611547082,0.0
4.599999999999715,tangent_bump_m,5,-,gripper_contact_pad__link6_collision,0.045,0.0937140139911377,0.09371401399112946,-8.243405957841787e-15
4.599999999999715,tangent_bump_m,5,-,gripper_contact_pad__workspace_obstacle_0,0.045,1.955,1.955,0.0
4.599999999999715,tangent_bump_m,6,+,link2_to_satellite,0.045,0.203144916894887,0.20294178543788088,-0.00020313145700612267
4.599999999999715,tangent_bump_m,6,+,link3_to_satellite,0.045,0.14833861419662026,0.14773386826724483,-0.0006047459293754276
4.599999999999715,tangent_bump_m,6,+,link4_to_satellite,0.045,0.09209288293922645,0.09125487444242446,-0.0008380084968019896
4.599999999999715,tangent_bump_m,6,+,link5_to_satellite,0.045,0.28851964972407346,0.28707292982002586,-0.0014467199040475998
4.599999999999715,tangent_bump_m,6,+,link6_to_satellite,0.045,0.423237286403831,0.4232333773054569,-3.909098374110798e-06
4.599999999999715,tangent_bump_m,6,+,link7_to_satellite,0.045,0.5407660299498744,0.5407660299498744,0.0
4.599999999999715,tangent_bump_m,6,+,link0_to_link4,0.045,0.22366824945248542,0.22300882962520308,-0.0006594198272823482
4.599999999999715,tangent_bump_m,6,+,link0_to_link5,0.045,0.40974296596447723,0.4097598351550538,1.686919057658498e-05
4.599999999999715,tangent_bump_m,6,+,link0_to_link6,0.045,0.5033393878782083,0.5033393878782083,0.0
4.599999999999715,tangent_bump_m,6,+,link0_to_link7,0.045,0.6145179717511294,0.6145179717511294,0.0
4.599999999999715,tangent_bump_m,6,+,link1_to_link5,0.045,0.3599453512414983,0.3599453512414983,0.0
4.599999999999715,tangent_bump_m,6,+,link1_to_link6,0.045,0.44635561705403687,0.44635561705403687,0.0
4.599999999999715,tangent_bump_m,6,+,link1_to_link7,0.045,0.5577310003620393,0.5577310003620393,0.0
4.599999999999715,tangent_bump_m,6,+,link2_to_link6,0.045,0.305862893932181,0.305862893932181,0.0
4.599999999999715,tangent_bump_m,6,+,link2_to_link7,0.045,0.42728365511888955,0.42728365511888955,0.0
4.599999999999715,tangent_bump_m,6,+,link3_to_link7,0.045,0.3801025769879682,0.3798622282063834,-0.00024034878158479822
4.599999999999715,tangent_bump_m,6,+,satellite_base_collision__tumbling_target_geom,0.002,0.7748359118366829,0.7748359118366829,0.0
4.599999999999715,tangent_bump_m,6,+,satellite_base_collision__target_contact_plate,0.002,0.802611884915248,0.802609552838889,-2.3320763590239935e-06
4.599999999999715,tangent_bump_m,6,+,link0_collision__tumbling_target_geom,0.002,0.8926910561353506,0.8926910561353506,0.0
4.599999999999715,tangent_bump_m,6,+,link0_collision__target_contact_plate,0.002,0.9004818225178673,0.9004818225178673,0.0
4.599999999999715,tangent_bump_m,6,+,link1_collision__tumbling_target_geom,0.002,0.7962692384745682,0.796728414584344,0.00045917610977574963
4.599999999999715,tangent_bump_m,6,+,link1_collision__target_contact_plate,0.002,0.8097509944806319,0.8097509944806319,0.0
4.599999999999715,tangent_bump_m,6,+,link2_collision__tumbling_target_geom,0.002,0.6853134960409571,0.6853134960409571,0.0
4.599999999999715,tangent_bump_m,6,+,link2_collision__target_contact_plate,0.002,0.6853135815262852,0.6853135815262852,0.0
4.599999999999715,tangent_bump_m,6,+,link3_collision__tumbling_target_geom,0.002,0.6016171614599468,0.6016171614599468,0.0
4.599999999999715,tangent_bump_m,6,+,link3_collision__target_contact_plate,0.002,0.6098582388677661,0.6098582388677661,0.0
4.599999999999715,tangent_bump_m,6,+,link4_collision__tumbling_target_geom,0.002,0.45098654354979795,0.45098654354979795,0.0
4.599999999999715,tangent_bump_m,6,+,link4_collision__target_contact_plate,0.002,0.46285538177309954,0.46285538177309954,0.0
4.599999999999715,tangent_bump_m,6,+,link5_collision__tumbling_target_geom,0.002,0.22636976331848885,0.22636976331848885,0.0
4.599999999999715,tangent_bump_m,6,+,link5_collision__target_contact_plate,0.002,0.226947547948808,0.226947547948808,0.0
4.599999999999715,tangent_bump_m,6,+,link6_collision__tumbling_target_geom,0.002,0.17050506694915574,0.17050707878388388,2.011834728143924e-06
4.599999999999715,tangent_bump_m,6,+,link6_collision__target_contact_plate,0.002,0.17126838249485782,0.1712675775508344,-8.049440234081384e-07
4.599999999999715,tangent_bump_m,6,+,link7_collision__tumbling_target_geom,0.002,0.06839741900574921,0.06840693305449261,9.514048743400338e-06
4.599999999999715,tangent_bump_m,6,+,link7_collision__target_contact_plate,0.002,0.06901371977633569,0.06909567103810788,8.195126177218404e-05
4.599999999999715,tangent_bump_m,6,+,gripper_contact_pad__tumbling_target_geom,-0.002,0.052442117076242044,0.05245176256586892,9.645489626876336e-06
4.599999999999715,tangent_bump_m,6,+,n206_spacer__tumbling_target_geom,0.002,0.057149204558137205,0.057158561996408556,9.35743827135127e-06
4.599999999999715,tangent_bump_m,6,+,n206_spacer__target_contact_plate,0.002,0.05784088710053277,0.05832092384267232,0.0004800367421395474
4.599999999999715,tangent_bump_m,6,+,n206_spacer__satellite_base_collision,0.045,0.6141305471117313,0.6141305471117313,0.0
4.599999999999715,tangent_bump_m,6,+,n206_spacer__link0_collision,0.045,0.7182864285880092,0.7182864285880092,0.0
4.599999999999715,tangent_bump_m,6,+,n206_spacer__link1_collision,0.045,0.6786214662503759,0.6786214662503759,0.0
4.599999999999715,tangent_bump_m,6,+,n206_spacer__link2_collision,0.045,0.5457439789491022,0.5457439789491022,0.0
4.599999999999715,tangent_bump_m,6,+,n206_spacer__link3_collision,0.045,0.4887186765299281,0.4887186765299281,0.0
4.599999999999715,tangent_bump_m,6,+,n206_spacer__link4_collision,0.045,0.3351747610183795,0.3351747610183795,0.0
4.599999999999715,tangent_bump_m,6,+,n206_spacer__link5_collision,0.045,0.11198529254319821,0.11198529254319821,0.0
4.599999999999715,tangent_bump_m,6,+,n206_spacer__link6_collision,0.045,0.08391401432515304,0.08391401432515734,4.3021142204224816e-15
4.599999999999715,tangent_bump_m,6,+,n206_spacer__workspace_obstacle_0,0.045,1.955,1.955,0.0
4.599999999999715,tangent_bump_m,6,+,gripper_contact_pad__satellite_base_collision,0.045,0.6195996218654862,0.6195996218654862,0.0
4.599999999999715,tangent_bump_m,6,+,gripper_contact_pad__link0_collision,0.045,0.7260260436228626,0.7260260436228626,0.0
4.599999999999715,tangent_bump_m,6,+,gripper_contact_pad__link1_collision,0.045,0.6878385173984765,0.6878385173984765,0.0
4.599999999999715,tangent_bump_m,6,+,gripper_contact_pad__link2_collision,0.045,0.55464989600155,0.55464989600155,0.0
4.599999999999715,tangent_bump_m,6,+,gripper_contact_pad__link3_collision,0.045,0.4967302533785131,0.4967302533785131,0.0
4.599999999999715,tangent_bump_m,6,+,gripper_contact_pad__link4_collision,0.045,0.3427869866245947,0.3427869866245947,0.0
4.599999999999715,tangent_bump_m,6,+,gripper_contact_pad__link5_collision,0.045,0.12011857611547082,0.12011857611547082,0.0
4.599999999999715,tangent_bump_m,6,+,gripper_contact_pad__link6_collision,0.045,0.0937140139911377,0.09371401399113609,-1.609823385706477e-15
4.599999999999715,tangent_bump_m,6,+,gripper_contact_pad__workspace_obstacle_0,0.045,1.955,1.955,0.0
4.599999999999715,psi_mid_correction_rad,7,-,link2_to_satellite,0.045,0.203144916894887,0.19849125531048345,-0.004653661584403557
4.599999999999715,psi_mid_correction_rad,7,-,link3_to_satellite,0.045,0.14833861419662026,0.1357408266898022,-0.012597787506818059
4.599999999999715,psi_mid_correction_rad,7,-,link4_to_satellite,0.045,0.09209288293922645,0.08360343346246317,-0.008489449476763278
4.599999999999715,psi_mid_correction_rad,7,-,link5_to_satellite,0.045,0.28851964972407346,0.2858180054748217,-0.0027016442492517334
4.599999999999715,psi_mid_correction_rad,7,-,link6_to_satellite,0.045,0.423237286403831,0.42323475721753484,-2.5291862961740463e-06
4.599999999999715,psi_mid_correction_rad,7,-,link7_to_satellite,0.045,0.5407660299498744,0.5407660299498744,0.0
4.599999999999715,psi_mid_correction_rad,7,-,link0_to_link4,0.045,0.22366824945248542,0.21869034104850477,-0.004977908403980658
4.599999999999715,psi_mid_correction_rad,7,-,link0_to_link5,0.045,0.40974296596447723,0.4086215659243187,-0.0011214000401585378
4.599999999999715,psi_mid_correction_rad,7,-,link0_to_link6,0.045,0.5033393878782083,0.5033393878782083,0.0
4.599999999999715,psi_mid_correction_rad,7,-,link0_to_link7,0.045,0.6145179717511294,0.6145179717511294,0.0
4.599999999999715,psi_mid_correction_rad,7,-,link1_to_link5,0.045,0.3599453512414983,0.3599453512414983,0.0
4.599999999999715,psi_mid_correction_rad,7,-,link1_to_link6,0.045,0.44635561705403687,0.44635561705403687,0.0
4.599999999999715,psi_mid_correction_rad,7,-,link1_to_link7,0.045,0.5577310003620393,0.5577310003620393,0.0
4.599999999999715,psi_mid_correction_rad,7,-,link2_to_link6,0.045,0.305862893932181,0.305862893932181,0.0
4.599999999999715,psi_mid_correction_rad,7,-,link2_to_link7,0.045,0.42728365511888955,0.42728365511888955,0.0
4.599999999999715,psi_mid_correction_rad,7,-,link3_to_link7,0.045,0.3801025769879682,0.38053236727023826,0.00042979028227008165
4.599999999999715,psi_mid_correction_rad,7,-,satellite_base_collision__tumbling_target_geom,0.002,0.7748359118366829,0.7748359118366829,0.0
4.599999999999715,psi_mid_correction_rad,7,-,satellite_base_collision__target_contact_plate,0.002,0.802611884915248,0.8026289097658212,1.702485057319958e-05
4.599999999999715,psi_mid_correction_rad,7,-,link0_collision__tumbling_target_geom,0.002,0.8926910561353506,0.8926910561353506,0.0
4.599999999999715,psi_mid_correction_rad,7,-,link0_collision__target_contact_plate,0.002,0.9004818225178673,0.9004818225178673,0.0
4.599999999999715,psi_mid_correction_rad,7,-,link1_collision__tumbling_target_geom,0.002,0.7962692384745682,0.7963673148336206,9.807635905234591e-05
4.599999999999715,psi_mid_correction_rad,7,-,link1_collision__target_contact_plate,0.002,0.8097509944806319,0.8097509944806319,0.0
4.599999999999715,psi_mid_correction_rad,7,-,link2_collision__tumbling_target_geom,0.002,0.6853134960409571,0.6853134960409571,0.0
4.599999999999715,psi_mid_correction_rad,7,-,link2_collision__target_contact_plate,0.002,0.6853135815262852,0.6853135815262852,0.0
4.599999999999715,psi_mid_correction_rad,7,-,link3_collision__tumbling_target_geom,0.002,0.6016171614599468,0.6016171614599468,0.0
4.599999999999715,psi_mid_correction_rad,7,-,link3_collision__target_contact_plate,0.002,0.6098582388677661,0.6098582388677661,0.0
4.599999999999715,psi_mid_correction_rad,7,-,link4_collision__tumbling_target_geom,0.002,0.45098654354979795,0.45098654354979795,0.0
4.599999999999715,psi_mid_correction_rad,7,-,link4_collision__target_contact_plate,0.002,0.46285538177309954,0.46285538177309954,0.0
4.599999999999715,psi_mid_correction_rad,7,-,link5_collision__tumbling_target_geom,0.002,0.22636976331848885,0.22636976331848885,0.0
4.599999999999715,psi_mid_correction_rad,7,-,link5_collision__target_contact_plate,0.002,0.226947547948808,0.226947547948808,0.0
4.599999999999715,psi_mid_correction_rad,7,-,link6_collision__tumbling_target_geom,0.002,0.17050506694915574,0.17040287702561296,-0.00010218992354277256
4.599999999999715,psi_mid_correction_rad,7,-,link6_collision__target_contact_plate,0.002,0.17126838249485782,0.1710256008901472,-0.0002427816047106124
4.599999999999715,psi_mid_correction_rad,7,-,link7_collision__tumbling_target_geom,0.002,0.06839741900574921,0.06842859746673123,3.117846098202315e-05
4.599999999999715,psi_mid_correction_rad,7,-,link7_collision__target_contact_plate,0.002,0.06901371977633569,0.06904957958771471,3.5859811379018725e-05
4.599999999999715,psi_mid_correction_rad,7,-,gripper_contact_pad__tumbling_target_geom,-0.002,0.052442117076242044,0.05248075241179232,3.8635335550277206e-05
4.599999999999715,psi_mid_correction_rad,7,-,n206_spacer__tumbling_target_geom,0.002,0.057149204558137205,0.0571842606066601,3.5056048522892624e-05
4.599999999999715,psi_mid_correction_rad,7,-,n206_spacer__target_contact_plate,0.002,0.05784088710053277,0.05788410276890653,4.321566837375834e-05
4.599999999999715,psi_mid_correction_rad,7,-,n206_spacer__satellite_base_collision,0.045,0.6141305471117313,0.6141305471117313,0.0
4.599999999999715,psi_mid_correction_rad,7,-,n206_spacer__link0_collision,0.045,0.7182864285880092,0.7182864285880092,0.0
4.599999999999715,psi_mid_correction_rad,7,-,n206_spacer__link1_collision,0.045,0.6786214662503759,0.6786214662503759,0.0
4.599999999999715,psi_mid_correction_rad,7,-,n206_spacer__link2_collision,0.045,0.5457439789491022,0.5457439789491022,0.0
4.599999999999715,psi_mid_correction_rad,7,-,n206_spacer__link3_collision,0.045,0.4887186765299281,0.4887186765299281,0.0
4.599999999999715,psi_mid_correction_rad,7,-,n206_spacer__link4_collision,0.045,0.3351747610183795,0.3351747610183795,0.0
4.599999999999715,psi_mid_correction_rad,7,-,n206_spacer__link5_collision,0.045,0.11198529254319821,0.11198529254319821,0.0
4.599999999999715,psi_mid_correction_rad,7,-,n206_spacer__link6_collision,0.045,0.08391401432515304,0.0839140143251519,-1.1379786002407855e-15
4.599999999999715,psi_mid_correction_rad,7,-,n206_spacer__workspace_obstacle_0,0.045,1.955,1.955,0.0
4.599999999999715,psi_mid_correction_rad,7,-,gripper_contact_pad__satellite_base_collision,0.045,0.6195996218654862,0.6195996218654862,0.0
4.599999999999715,psi_mid_correction_rad,7,-,gripper_contact_pad__link0_collision,0.045,0.7260260436228626,0.7260260436228626,0.0
4.599999999999715,psi_mid_correction_rad,7,-,gripper_contact_pad__link1_collision,0.045,0.6878385173984765,0.6878385173984765,0.0
4.599999999999715,psi_mid_correction_rad,7,-,gripper_contact_pad__link2_collision,0.045,0.55464989600155,0.55464989600155,0.0
4.599999999999715,psi_mid_correction_rad,7,-,gripper_contact_pad__link3_collision,0.045,0.4967302533785131,0.4967302533785131,0.0
4.599999999999715,psi_mid_correction_rad,7,-,gripper_contact_pad__link4_collision,0.045,0.3427869866245947,0.3427869866245947,0.0
4.599999999999715,psi_mid_correction_rad,7,-,gripper_contact_pad__link5_collision,0.045,0.12011857611547082,0.12011857611547082,0.0
4.599999999999715,psi_mid_correction_rad,7,-,gripper_contact_pad__link6_collision,0.045,0.0937140139911377,0.09371401399113875,1.0547118733938987e-15
4.599999999999715,psi_mid_correction_rad,7,-,gripper_contact_pad__workspace_obstacle_0,0.045,1.955,1.955,0.0
4.599999999999715,psi_mid_correction_rad,8,+,link2_to_satellite,0.045,0.203144916894887,0.20797526622636037,0.00483034933147336
4.599999999999715,psi_mid_correction_rad,8,+,link3_to_satellite,0.045,0.14833861419662026,0.16098809009105897,0.012649475894438711
4.599999999999715,psi_mid_correction_rad,8,+,link4_to_satellite,0.045,0.09209288293922645,0.10202267418117851,0.009929791241952063
4.599999999999715,psi_mid_correction_rad,8,+,link5_to_satellite,0.045,0.28851964972407346,0.2912510001963969,0.002731350472323424
4.599999999999715,psi_mid_correction_rad,8,+,link6_to_satellite,0.045,0.423237286403831,0.42323981524575904,2.5288419280289354e-06
4.599999999999715,psi_mid_correction_rad,8,+,link7_to_satellite,0.045,0.5407660299498744,0.5407660299498744,0.0
4.599999999999715,psi_mid_correction_rad,8,+,link0_to_link4,0.045,0.22366824945248542,0.22847264131037198,0.0048043918578865585
4.599999999999715,psi_mid_correction_rad,8,+,link0_to_link5,0.045,0.40974296596447723,0.41039016363938263,0.0006471976749053976
4.599999999999715,psi_mid_correction_rad,8,+,link0_to_link6,0.045,0.5033393878782083,0.5033393878782083,0.0
4.599999999999715,psi_mid_correction_rad,8,+,link0_to_link7,0.045,0.6145179717511294,0.6145179717511294,0.0
4.599999999999715,psi_mid_correction_rad,8,+,link1_to_link5,0.045,0.3599453512414983,0.3599453512414983,0.0
4.599999999999715,psi_mid_correction_rad,8,+,link1_to_link6,0.045,0.44635561705403687,0.44635561705403687,0.0
4.599999999999715,psi_mid_correction_rad,8,+,link1_to_link7,0.045,0.5577310003620393,0.5577310003620393,0.0
4.599999999999715,psi_mid_correction_rad,8,+,link2_to_link6,0.045,0.305862893932181,0.305862893932181,0.0
4.599999999999715,psi_mid_correction_rad,8,+,link2_to_link7,0.045,0.42728365511888955,0.42728365511888955,0.0
4.599999999999715,psi_mid_correction_rad,8,+,link3_to_link7,0.045,0.3801025769879682,0.3797017192224601,-0.00040085776550807806
4.599999999999715,psi_mid_correction_rad,8,+,satellite_base_collision__tumbling_target_geom,0.002,0.7748359118366829,0.7748359118366829,0.0
4.599999999999715,psi_mid_correction_rad,8,+,satellite_base_collision__target_contact_plate,0.002,0.802611884915248,0.8025889820813142,-2.2902833933802214e-05
4.599999999999715,psi_mid_correction_rad,8,+,link0_collision__tumbling_target_geom,0.002,0.8926910561353506,0.8926910561353506,0.0
4.599999999999715,psi_mid_correction_rad,8,+,link0_collision__target_contact_plate,0.002,0.9004818225178673,0.9004818225178673,0.0
4.599999999999715,psi_mid_correction_rad,8,+,link1_collision__tumbling_target_geom,0.002,0.7962692384745682,0.7961432513263785,-0.00012598714818967682
4.599999999999715,psi_mid_correction_rad,8,+,link1_collision__target_contact_plate,0.002,0.8097509944806319,0.8097509944806319,0.0
4.599999999999715,psi_mid_correction_rad,8,+,link2_collision__tumbling_target_geom,0.002,0.6853134960409571,0.6853134960409571,0.0
4.599999999999715,psi_mid_correction_rad,8,+,link2_collision__target_contact_plate,0.002,0.6853135815262852,0.6853135815262852,0.0
4.599999999999715,psi_mid_correction_rad,8,+,link3_collision__tumbling_target_geom,0.002,0.6016171614599468,0.6016171614599468,0.0
4.599999999999715,psi_mid_correction_rad,8,+,link3_collision__target_contact_plate,0.002,0.6098582388677661,0.6098582388677661,0.0
4.599999999999715,psi_mid_correction_rad,8,+,link4_collision__tumbling_target_geom,0.002,0.45098654354979795,0.45098654354979795,0.0
4.599999999999715,psi_mid_correction_rad,8,+,link4_collision__target_contact_plate,0.002,0.46285538177309954,0.46285538177309954,0.0
4.599999999999715,psi_mid_correction_rad,8,+,link5_collision__tumbling_target_geom,0.002,0.22636976331848885,0.22636976331848885,0.0
4.599999999999715,psi_mid_correction_rad,8,+,link5_collision__target_contact_plate,0.002,0.226947547948808,0.226947547948808,0.0
4.599999999999715,psi_mid_correction_rad,8,+,link6_collision__tumbling_target_geom,0.002,0.17050506694915574,0.1706308598845747,0.0001257929354189502
4.599999999999715,psi_mid_correction_rad,8,+,link6_collision__target_contact_plate,0.002,0.17126838249485782,0.1715092658546661,0.00024088335980829156
4.599999999999715,psi_mid_correction_rad,8,+,link7_collision__tumbling_target_geom,0.002,0.06839741900574921,0.06837576451225139,-2.1654493497821892e-05
4.599999999999715,psi_mid_correction_rad,8,+,link7_collision__target_contact_plate,0.002,0.06901371977633569,0.06898733807932947,-2.6381697006222504e-05
4.599999999999715,psi_mid_correction_rad,8,+,gripper_contact_pad__tumbling_target_geom,-0.002,0.052442117076242044,0.05241391764259656,-2.819943364548716e-05
4.599999999999715,psi_mid_correction_rad,8,+,n206_spacer__tumbling_target_geom,0.002,0.057149204558137205,0.05712394731111736,-2.5257247019842832e-05
4.599999999999715,psi_mid_correction_rad,8,+,n206_spacer__target_contact_plate,0.002,0.05784088710053277,0.057809212386534546,-3.1674713998224024e-05
4.599999999999715,psi_mid_correction_rad,8,+,n206_spacer__satellite_base_collision,0.045,0.6141305471117313,0.6141305471117313,0.0
4.599999999999715,psi_mid_correction_rad,8,+,n206_spacer__link0_collision,0.045,0.7182864285880092,0.7182864285880092,0.0
4.599999999999715,psi_mid_correction_rad,8,+,n206_spacer__link1_collision,0.045,0.6786214662503759,0.6786214662503759,0.0
4.599999999999715,psi_mid_correction_rad,8,+,n206_spacer__link2_collision,0.045,0.5457439789491022,0.5457439789491022,0.0
4.599999999999715,psi_mid_correction_rad,8,+,n206_spacer__link3_collision,0.045,0.4887186765299281,0.4887186765299281,0.0
4.599999999999715,psi_mid_correction_rad,8,+,n206_spacer__link4_collision,0.045,0.3351747610183795,0.3351747610183795,0.0
4.599999999999715,psi_mid_correction_rad,8,+,n206_spacer__link5_collision,0.045,0.11198529254319821,0.11198529254319821,0.0
4.599999999999715,psi_mid_correction_rad,8,+,n206_spacer__link6_collision,0.045,0.08391401432515304,0.08391401432515487,1.8318679906315083e-15
4.599999999999715,psi_mid_correction_rad,8,+,n206_spacer__workspace_obstacle_0,0.045,1.955,1.955,0.0
4.599999999999715,psi_mid_correction_rad,8,+,gripper_contact_pad__satellite_base_collision,0.045,0.6195996218654862,0.6195996218654862,0.0
4.599999999999715,psi_mid_correction_rad,8,+,gripper_contact_pad__link0_collision,0.045,0.7260260436228626,0.7260260436228626,0.0
4.599999999999715,psi_mid_correction_rad,8,+,gripper_contact_pad__link1_collision,0.045,0.6878385173984765,0.6878385173984765,0.0
4.599999999999715,psi_mid_correction_rad,8,+,gripper_contact_pad__link2_collision,0.045,0.55464989600155,0.55464989600155,0.0
4.599999999999715,psi_mid_correction_rad,8,+,gripper_contact_pad__link3_collision,0.045,0.4967302533785131,0.4967302533785131,0.0
4.599999999999715,psi_mid_correction_rad,8,+,gripper_contact_pad__link4_collision,0.045,0.3427869866245947,0.3427869866245947,0.0
4.599999999999715,psi_mid_correction_rad,8,+,gripper_contact_pad__link5_collision,0.045,0.12011857611547082,0.12011857611547082,0.0
4.599999999999715,psi_mid_correction_rad,8,+,gripper_contact_pad__link6_collision,0.045,0.0937140139911377,0.09371401399114006,2.3592239273284576e-15
4.599999999999715,psi_mid_correction_rad,8,+,gripper_contact_pad__workspace_obstacle_0,0.045,1.955,1.955,0.0
4.599999999999715,psi_end_correction_rad,9,-,link2_to_satellite,0.045,0.203144916894887,0.20216108647462783,-0.0009838304202591797
4.599999999999715,psi_end_correction_rad,9,-,link3_to_satellite,0.045,0.14833861419662026,0.14568117296333233,-0.002657441233287927
4.599999999999715,psi_end_correction_rad,9,-,link4_to_satellite,0.045,0.09209288293922645,0.09019484359632589,-0.0018980393429005593
4.599999999999715,psi_end_correction_rad,9,-,link5_to_satellite,0.045,0.28851964972407346,0.2879599702313465,-0.0005596794927269499
4.599999999999715,psi_end_correction_rad,9,-,link6_to_satellite,0.045,0.423237286403831,0.4232368800721312,-4.0633169978709915e-07
4.599999999999715,psi_end_correction_rad,9,-,link7_to_satellite,0.045,0.5407660299498744,0.5407660299498744,0.0
4.599999999999715,psi_end_correction_rad,9,-,link0_to_link4,0.045,0.22366824945248542,0.22264135389946893,-0.0010268955530164936
4.599999999999715,psi_end_correction_rad,9,-,link0_to_link5,0.045,0.40974296596447723,0.4095800323098024,-0.0001629336546748461
4.599999999999715,psi_end_correction_rad,9,-,link0_to_link6,0.045,0.5033393878782083,0.5033393878782083,0.0
4.599999999999715,psi_end_correction_rad,9,-,link0_to_link7,0.045,0.6145179717511294,0.6145179717511294,0.0
4.599999999999715,psi_end_correction_rad,9,-,link1_to_link5,0.045,0.3599453512414983,0.3599453512414983,0.0
4.599999999999715,psi_end_correction_rad,9,-,link1_to_link6,0.045,0.44635561705403687,0.44635561705403687,0.0
4.599999999999715,psi_end_correction_rad,9,-,link1_to_link7,0.045,0.5577310003620393,0.5577310003620393,0.0
4.599999999999715,psi_end_correction_rad,9,-,link2_to_link6,0.045,0.305862893932181,0.305862893932181,0.0
4.599999999999715,psi_end_correction_rad,9,-,link2_to_link7,0.045,0.42728365511888955,0.42728365511888955,0.0
4.599999999999715,psi_end_correction_rad,9,-,link3_to_link7,0.045,0.3801025769879682,0.3801895827897649,8.700580179671347e-05
4.599999999999715,psi_end_correction_rad,9,-,satellite_base_collision__tumbling_target_geom,0.002,0.7748359118366829,0.7748359118366829,0.0
4.599999999999715,psi_end_correction_rad,9,-,satellite_base_collision__target_contact_plate,0.002,0.802611884915248,0.802615096276992,3.211361743971075e-06
4.599999999999715,psi_end_correction_rad,9,-,link0_collision__tumbling_target_geom,0.002,0.8926910561353506,0.8926910561353506,0.0
4.599999999999715,psi_end_correction_rad,9,-,link0_collision__target_contact_plate,0.002,0.9004818225178673,0.9004818225178673,0.0
4.599999999999715,psi_end_correction_rad,9,-,link1_collision__tumbling_target_geom,0.002,0.7962692384745682,0.7962922826336865,2.30441591182462e-05
4.599999999999715,psi_end_correction_rad,9,-,link1_collision__target_contact_plate,0.002,0.8097509944806319,0.8097509944806319,0.0
4.599999999999715,psi_end_correction_rad,9,-,link2_collision__tumbling_target_geom,0.002,0.6853134960409571,0.6853134960409571,0.0
4.599999999999715,psi_end_correction_rad,9,-,link2_collision__target_contact_plate,0.002,0.6853135815262852,0.6853135815262852,0.0
4.599999999999715,psi_end_correction_rad,9,-,link3_collision__tumbling_target_geom,0.002,0.6016171614599468,0.6016171614599468,0.0
4.599999999999715,psi_end_correction_rad,9,-,link3_collision__target_contact_plate,0.002,0.6098582388677661,0.6098582388677661,0.0
4.599999999999715,psi_end_correction_rad,9,-,link4_collision__tumbling_target_geom,0.002,0.45098654354979795,0.45098654354979795,0.0
4.599999999999715,psi_end_correction_rad,9,-,link4_collision__target_contact_plate,0.002,0.46285538177309954,0.46285538177309954,0.0
4.599999999999715,psi_end_correction_rad,9,-,link5_collision__tumbling_target_geom,0.002,0.22636976331848885,0.22636976331848885,0.0
4.599999999999715,psi_end_correction_rad,9,-,link5_collision__target_contact_plate,0.002,0.226947547948808,0.226947547948808,0.0
4.599999999999715,psi_end_correction_rad,9,-,link6_collision__tumbling_target_geom,0.002,0.17050506694915574,0.17048268722875234,-2.2379720403392644e-05
4.599999999999715,psi_end_correction_rad,9,-,link6_collision__target_contact_plate,0.002,0.17126838249485782,0.17121563753890925,-5.2744955948563765e-05
4.599999999999715,psi_end_correction_rad,9,-,link7_collision__tumbling_target_geom,0.002,0.06839741900574921,0.06840394094472317,6.52193897396347e-06
4.599999999999715,psi_end_correction_rad,9,-,link7_collision__target_contact_plate,0.002,0.06901371977633569,0.06902128266367806,7.562887342368874e-06
4.599999999999715,psi_end_correction_rad,9,-,gripper_contact_pad__tumbling_target_geom,-0.002,0.052442117076242044,0.05245014573649655,8.02866025450405e-06
4.599999999999715,psi_end_correction_rad,9,-,n206_spacer__tumbling_target_geom,0.002,0.057149204558137205,0.057156540916378444,7.336358241238905e-06
4.599999999999715,psi_end_correction_rad,9,-,n206_spacer__target_contact_plate,0.002,0.05784088710053277,0.05784984307648444,8.955975951671635e-06
4.599999999999715,psi_end_correction_rad,9,-,n206_spacer__satellite_base_collision,0.045,0.6141305471117313,0.6141305471117313,0.0
4.599999999999715,psi_end_correction_rad,9,-,n206_spacer__link0_collision,0.045,0.7182864285880092,0.7182864285880092,0.0
4.599999999999715,psi_end_correction_rad,9,-,n206_spacer__link1_collision,0.045,0.6786214662503759,0.6786214662503759,0.0
4.599999999999715,psi_end_correction_rad,9,-,n206_spacer__link2_collision,0.045,0.5457439789491022,0.5457439789491022,0.0
4.599999999999715,psi_end_correction_rad,9,-,n206_spacer__link3_collision,0.045,0.4887186765299281,0.4887186765299281,0.0
4.599999999999715,psi_end_correction_rad,9,-,n206_spacer__link4_collision,0.045,0.3351747610183795,0.3351747610183795,0.0
4.599999999999715,psi_end_correction_rad,9,-,n206_spacer__link5_collision,0.045,0.11198529254319821,0.11198529254319821,0.0
4.599999999999715,psi_end_correction_rad,9,-,n206_spacer__link6_collision,0.045,0.08391401432515304,0.08391401432515293,-1.1102230246251565e-16
4.599999999999715,psi_end_correction_rad,9,-,n206_spacer__workspace_obstacle_0,0.045,1.955,1.955,0.0
4.599999999999715,psi_end_correction_rad,9,-,gripper_contact_pad__satellite_base_collision,0.045,0.6195996218654862,0.6195996218654862,0.0
4.599999999999715,psi_end_correction_rad,9,-,gripper_contact_pad__link0_collision,0.045,0.7260260436228626,0.7260260436228626,0.0
4.599999999999715,psi_end_correction_rad,9,-,gripper_contact_pad__link1_collision,0.045,0.6878385173984765,0.6878385173984765,0.0
4.599999999999715,psi_end_correction_rad,9,-,gripper_contact_pad__link2_collision,0.045,0.55464989600155,0.55464989600155,0.0
4.599999999999715,psi_end_correction_rad,9,-,gripper_contact_pad__link3_collision,0.045,0.4967302533785131,0.4967302533785131,0.0
4.599999999999715,psi_end_correction_rad,9,-,gripper_contact_pad__link4_collision,0.045,0.3427869866245947,0.3427869866245947,0.0
4.599999999999715,psi_end_correction_rad,9,-,gripper_contact_pad__link5_collision,0.045,0.12011857611547082,0.12011857611547082,0.0
4.599999999999715,psi_end_correction_rad,9,-,gripper_contact_pad__link6_collision,0.045,0.0937140139911377,0.09371401399113334,-4.3576253716537394e-15
4.599999999999715,psi_end_correction_rad,9,-,gripper_contact_pad__workspace_obstacle_0,0.045,1.955,1.955,0.0
4.599999999999715,psi_end_correction_rad,10,+,link2_to_satellite,0.045,0.203144916894887,0.20413637714479577,0.00099146024990876
4.599999999999715,psi_end_correction_rad,10,+,link3_to_satellite,0.045,0.14833861419662026,0.15100571082228958,0.0026670966256693296
4.599999999999715,psi_end_correction_rad,10,+,link4_to_satellite,0.045,0.09209288293922645,0.09405307880439263,0.0019601958651661866
4.599999999999715,psi_end_correction_rad,10,+,link5_to_satellite,0.045,0.28851964972407346,0.28907661189656175,0.0005569621724882956
4.599999999999715,psi_end_correction_rad,10,+,link6_to_satellite,0.045,0.423237286403831,0.42323769272687467,4.063230436557319e-07
4.599999999999715,psi_end_correction_rad,10,+,link7_to_satellite,0.045,0.5407660299498744,0.5407660299498744,0.0
4.599999999999715,psi_end_correction_rad,10,+,link0_to_link4,0.045,0.22366824945248542,0.224686089374236,0.0010178399217505851
4.599999999999715,psi_end_correction_rad,10,+,link0_to_link5,0.045,0.40974296596447723,0.4098902287973281,0.0001472628328508807
4.599999999999715,psi_end_correction_rad,10,+,link0_to_link6,0.045,0.5033393878782083,0.5033393878782083,0.0
4.599999999999715,psi_end_correction_rad,10,+,link0_to_link7,0.045,0.6145179717511294,0.6145179717511294,0.0
4.599999999999715,psi_end_correction_rad,10,+,link1_to_link5,0.045,0.3599453512414983,0.3599453512414983,0.0
4.599999999999715,psi_end_correction_rad,10,+,link1_to_link6,0.045,0.44635561705403687,0.44635561705403687,0.0
4.599999999999715,psi_end_correction_rad,10,+,link1_to_link7,0.045,0.5577310003620393,0.5577310003620393,0.0
4.599999999999715,psi_end_correction_rad,10,+,link2_to_link6,0.045,0.305862893932181,0.305862893932181,0.0
4.599999999999715,psi_end_correction_rad,10,+,link2_to_link7,0.045,0.42728365511888955,0.42728365511888955,0.0
4.599999999999715,psi_end_correction_rad,10,+,link3_to_link7,0.045,0.3801025769879682,0.3800168233222272,-8.575366574098409e-05
4.599999999999715,psi_end_correction_rad,10,+,satellite_base_collision__tumbling_target_geom,0.002,0.7748359118366829,0.7748359118366829,0.0
4.599999999999715,psi_end_correction_rad,10,+,satellite_base_collision__target_contact_plate,0.002,0.802611884915248,0.8026082998512966,-3.5850639514833915e-06
4.599999999999715,psi_end_correction_rad,10,+,link0_collision__tumbling_target_geom,0.002,0.8926910561353506,0.8926910561353506,0.0
4.599999999999715,psi_end_correction_rad,10,+,link0_collision__target_contact_plate,0.002,0.9004818225178673,0.9004818225178673,0.0
4.599999999999715,psi_end_correction_rad,10,+,link1_collision__tumbling_target_geom,0.002,0.7962692384745682,0.7962449986914867,-2.4239783081525523e-05
4.599999999999715,psi_end_correction_rad,10,+,link1_collision__target_contact_plate,0.002,0.8097509944806319,0.8097509944806319,0.0
4.599999999999715,psi_end_correction_rad,10,+,link2_collision__tumbling_target_geom,0.002,0.6853134960409571,0.6853134960409571,0.0
4.599999999999715,psi_end_correction_rad,10,+,link2_collision__target_contact_plate,0.002,0.6853135815262852,0.6853135815262852,0.0
4.599999999999715,psi_end_correction_rad,10,+,link3_collision__tumbling_target_geom,0.002,0.6016171614599468,0.6016171614599468,0.0
4.599999999999715,psi_end_correction_rad,10,+,link3_collision__target_contact_plate,0.002,0.6098582388677661,0.6098582388677661,0.0
4.599999999999715,psi_end_correction_rad,10,+,link4_collision__tumbling_target_geom,0.002,0.45098654354979795,0.45098654354979795,0.0
4.599999999999715,psi_end_correction_rad,10,+,link4_collision__target_contact_plate,0.002,0.46285538177309954,0.46285538177309954,0.0
4.599999999999715,psi_end_correction_rad,10,+,link5_collision__tumbling_target_geom,0.002,0.22636976331848885,0.22636976331848885,0.0
4.599999999999715,psi_end_correction_rad,10,+,link5_collision__target_contact_plate,0.002,0.226947547948808,0.226947547948808,0.0
4.599999999999715,psi_end_correction_rad,10,+,link6_collision__tumbling_target_geom,0.002,0.17050506694915574,0.17052853396131384,2.3467012158107092e-05
4.599999999999715,psi_end_correction_rad,10,+,link6_collision__target_contact_plate,0.002,0.17126838249485782,0.1713226208171276,5.423832226977843e-05
4.599999999999715,psi_end_correction_rad,10,+,link7_collision__tumbling_target_geom,0.002,0.06839741900574921,0.06839139753176605,-6.021473983153225e-06
4.599999999999715,psi_end_correction_rad,10,+,link7_collision__target_contact_plate,0.002,0.06901371977633569,0.06900665699922777,-7.062777107921803e-06
4.599999999999715,psi_end_correction_rad,10,+,gripper_contact_pad__tumbling_target_geom,-0.002,0.052442117076242044,0.05243463162087483,-7.485455367210736e-06
4.599999999999715,psi_end_correction_rad,10,+,n206_spacer__tumbling_target_geom,0.002,0.057149204558137205,0.05714238230915987,-6.8222489773353545e-06
4.599999999999715,psi_end_correction_rad,10,+,n206_spacer__target_contact_plate,0.002,0.05784088710053277,0.057832527790657486,-8.359309875284604e-06
4.599999999999715,psi_end_correction_rad,10,+,n206_spacer__satellite_base_collision,0.045,0.6141305471117313,0.6141305471117313,0.0
4.599999999999715,psi_end_correction_rad,10,+,n206_spacer__link0_collision,0.045,0.7182864285880092,0.7182864285880092,0.0
4.599999999999715,psi_end_correction_rad,10,+,n206_spacer__link1_collision,0.045,0.6786214662503759,0.6786214662503759,0.0
4.599999999999715,psi_end_correction_rad,10,+,n206_spacer__link2_collision,0.045,0.5457439789491022,0.5457439789491022,0.0
4.599999999999715,psi_end_correction_rad,10,+,n206_spacer__link3_collision,0.045,0.4887186765299281,0.4887186765299281,0.0
4.599999999999715,psi_end_correction_rad,10,+,n206_spacer__link4_collision,0.045,0.3351747610183795,0.3351747610183795,0.0
4.599999999999715,psi_end_correction_rad,10,+,n206_spacer__link5_collision,0.045,0.11198529254319821,0.11198529254319821,0.0
4.599999999999715,psi_end_correction_rad,10,+,n206_spacer__link6_collision,0.045,0.08391401432515304,0.08391401432513902,-1.4016565685892601e-14
4.599999999999715,psi_end_correction_rad,10,+,n206_spacer__workspace_obstacle_0,0.045,1.955,1.955,0.0
4.599999999999715,psi_end_correction_rad,10,+,gripper_contact_pad__satellite_base_collision,0.045,0.6195996218654862,0.6195996218654862,0.0
4.599999999999715,psi_end_correction_rad,10,+,gripper_contact_pad__link0_collision,0.045,0.7260260436228626,0.7260260436228626,0.0
4.599999999999715,psi_end_correction_rad,10,+,gripper_contact_pad__link1_collision,0.045,0.6878385173984765,0.6878385173984765,0.0
4.599999999999715,psi_end_correction_rad,10,+,gripper_contact_pad__link2_collision,0.045,0.55464989600155,0.55464989600155,0.0
4.599999999999715,psi_end_correction_rad,10,+,gripper_contact_pad__link3_collision,0.045,0.4967302533785131,0.4967302533785131,0.0
4.599999999999715,psi_end_correction_rad,10,+,gripper_contact_pad__link4_collision,0.045,0.3427869866245947,0.3427869866245947,0.0
4.599999999999715,psi_end_correction_rad,10,+,gripper_contact_pad__link5_collision,0.045,0.12011857611547082,0.12011857611547082,0.0
4.599999999999715,psi_end_correction_rad,10,+,gripper_contact_pad__link6_collision,0.045,0.0937140139911377,0.09371401399114405,6.356026815979021e-15
4.599999999999715,psi_end_correction_rad,10,+,gripper_contact_pad__workspace_obstacle_0,0.045,1.955,1.955,0.0
5.199999999999649,remaining_time_s,1,-,link2_to_satellite,0.045,0.18653947460959464,0.18447335743289134,-0.002066117176703297
5.199999999999649,remaining_time_s,1,-,link3_to_satellite,0.045,0.10716561642729429,0.10483528202198557,-0.0023303344053087205
5.199999999999649,remaining_time_s,1,-,link4_to_satellite,0.045,0.07952033689973868,0.07953050645550482,1.0169555766131877e-05
5.199999999999649,remaining_time_s,1,-,link5_to_satellite,0.045,0.28587766870921155,0.28618323374508786,0.00030556503587630957
5.199999999999649,remaining_time_s,1,-,link6_to_satellite,0.045,0.4291928005047139,0.4291928005047139,0.0
5.199999999999649,remaining_time_s,1,-,link7_to_satellite,0.045,0.5598715862906618,0.5598715862906618,0.0
5.199999999999649,remaining_time_s,1,-,link0_to_link4,0.045,0.2107389493273435,0.21010413416570595,-0.0006348151616375475
5.199999999999649,remaining_time_s,1,-,link0_to_link5,0.045,0.4117871827597742,0.4117871827597742,0.0
5.199999999999649,remaining_time_s,1,-,link0_to_link6,0.045,0.5279343217803429,0.5279343217803429,0.0
5.199999999999649,remaining_time_s,1,-,link0_to_link7,0.045,0.6463637577661371,0.6463637577661371,0.0
5.199999999999649,remaining_time_s,1,-,link1_to_link5,0.045,0.3785034791823591,0.3785034791823591,0.0
5.199999999999649,remaining_time_s,1,-,link1_to_link6,0.045,0.469677834390626,0.469677834390626,0.0
5.199999999999649,remaining_time_s,1,-,link1_to_link7,0.045,0.585782827125574,0.585782827125574,0.0
5.199999999999649,remaining_time_s,1,-,link2_to_link6,0.045,0.33311943334775784,0.33311943334775784,0.0
5.199999999999649,remaining_time_s,1,-,link2_to_link7,0.045,0.44915005800719626,0.44915005800719626,0.0
5.199999999999649,remaining_time_s,1,-,link3_to_link7,0.045,0.3687821027629857,0.3703259049619213,0.0015438021989356288
5.199999999999649,remaining_time_s,1,-,satellite_base_collision__tumbling_target_geom,0.002,0.781821061669334,0.781821061669334,0.0
5.199999999999649,remaining_time_s,1,-,satellite_base_collision__target_contact_plate,0.002,0.8029138468487726,0.8029138468487726,0.0
5.199999999999649,remaining_time_s,1,-,link0_collision__tumbling_target_geom,0.002,0.9016630965503486,0.9016630965503486,0.0
5.199999999999649,remaining_time_s,1,-,link0_collision__target_contact_plate,0.002,0.9070384162684482,0.9070384162684482,0.0
5.199999999999649,remaining_time_s,1,-,link1_collision__tumbling_target_geom,0.002,0.7933818549392591,0.7926118545895484,-0.0007700003497106422
5.199999999999649,remaining_time_s,1,-,link1_collision__target_contact_plate,0.002,0.8118003792054772,0.8118003792054772,0.0
5.199999999999649,remaining_time_s,1,-,link2_collision__tumbling_target_geom,0.002,0.6943297106001186,0.6944699759562004,0.00014026535608180346
5.199999999999649,remaining_time_s,1,-,link2_collision__target_contact_plate,0.002,0.6951367008224217,0.6951367008224217,0.0
5.199999999999649,remaining_time_s,1,-,link3_collision__tumbling_target_geom,0.002,0.6016391920054281,0.5971132907792844,-0.004525901226143714
5.199999999999649,remaining_time_s,1,-,link3_collision__target_contact_plate,0.002,0.6016785069030235,0.5972133785025483,-0.0044651284004751934
5.199999999999649,remaining_time_s,1,-,link4_collision__tumbling_target_geom,0.002,0.4576305075124049,0.4505375216405398,-0.007092985871865132
5.199999999999649,remaining_time_s,1,-,link4_collision__target_contact_plate,0.002,0.45862343256962396,0.45206271184466446,-0.006560720724959501
5.199999999999649,remaining_time_s,1,-,link5_collision__tumbling_target_geom,0.002,0.21508557480166654,0.2095382835706771,-0.005547291230989432
5.199999999999649,remaining_time_s,1,-,link5_collision__target_contact_plate,0.002,0.22073564563640732,0.21391676175501093,-0.006818883881396398
5.199999999999649,remaining_time_s,1,-,link6_collision__tumbling_target_geom,0.002,0.1653355049475509,0.15754229667717407,-0.007793208270376828
5.199999999999649,remaining_time_s,1,-,link6_collision__target_contact_plate,0.002,0.16533550494755095,0.1575550810483076,-0.007780423899243355
5.199999999999649,remaining_time_s,1,-,link7_collision__tumbling_target_geom,0.002,0.04813705675032221,0.040662247911764635,-0.007474808838557577
5.199999999999649,remaining_time_s,1,-,link7_collision__target_contact_plate,0.002,0.04813705675032225,0.04066224791176469,-0.007474808838557563
5.199999999999649,remaining_time_s,1,-,gripper_contact_pad__tumbling_target_geom,-0.002,0.03161028433035608,0.024140611783575586,-0.0074696725467804925
5.199999999999649,remaining_time_s,1,-,n206_spacer__tumbling_target_geom,0.002,0.03714897132236395,0.029675001292790035,-0.007473970029573916
5.199999999999649,remaining_time_s,1,-,n206_spacer__target_contact_plate,0.002,0.037148971322364055,0.02967500129278995,-0.0074739700295741035
5.199999999999649,remaining_time_s,1,-,n206_spacer__satellite_base_collision,0.045,0.6572233725294907,0.6572233725294907,0.0
5.199999999999649,remaining_time_s,1,-,n206_spacer__link0_collision,0.045,0.7643531945380526,0.7643531945380526,0.0
5.199999999999649,remaining_time_s,1,-,n206_spacer__link1_collision,0.045,0.7105719263052898,0.7105719263052898,0.0
5.199999999999649,remaining_time_s,1,-,n206_spacer__link2_collision,0.045,0.5727097056601491,0.5727097056601491,0.0
5.199999999999649,remaining_time_s,1,-,n206_spacer__link3_collision,0.045,0.4915488388215666,0.4926903011797045,0.0011414623581379457
5.199999999999649,remaining_time_s,1,-,n206_spacer__link4_collision,0.045,0.3433002317118903,0.3433002317118903,0.0
5.199999999999649,remaining_time_s,1,-,n206_spacer__link5_collision,0.045,0.11077261721769514,0.11089999044243172,0.00012737322473657664
5.199999999999649,remaining_time_s,1,-,n206_spacer__link6_collision,0.045,0.08391401432515329,0.0839140143251511,-2.192690473634684e-15
5.199999999999649,remaining_time_s,1,-,n206_spacer__workspace_obstacle_0,0.045,1.955,1.955,0.0
5.199999999999649,remaining_time_s,1,-,gripper_contact_pad__satellite_base_collision,0.045,0.6644790580079847,0.6644790580079847,0.0
5.199999999999649,remaining_time_s,1,-,gripper_contact_pad__link0_collision,0.045,0.7732519570252898,0.7732519570252898,0.0
5.199999999999649,remaining_time_s,1,-,gripper_contact_pad__link1_collision,0.045,0.7202619999605008,0.7202619999605008,0.0
5.199999999999649,remaining_time_s,1,-,gripper_contact_pad__link2_collision,0.045,0.5822254976039641,0.5822254976039641,0.0
5.199999999999649,remaining_time_s,1,-,gripper_contact_pad__link3_collision,0.045,0.5009716508334269,0.5020662319011424,0.0010945810677155388
5.199999999999649,remaining_time_s,1,-,gripper_contact_pad__link4_collision,0.045,0.3515903142310748,0.3515903142310748,0.0
5.199999999999649,remaining_time_s,1,-,gripper_contact_pad__link5_collision,0.045,0.11927335905881438,0.11944282752796966,0.00016946846915527614
5.199999999999649,remaining_time_s,1,-,gripper_contact_pad__link6_collision,0.045,0.09371401399112624,0.09371401399112607,-1.6653345369377348e-16
5.199999999999649,remaining_time_s,1,-,gripper_contact_pad__workspace_obstacle_0,0.045,1.955,1.955,0.0
5.199999999999649,remaining_time_s,2,+,link2_to_satellite,0.045,0.18653947460959464,0.18696133962311917,0.0004218650135245361
5.199999999999649,remaining_time_s,2,+,link3_to_satellite,0.045,0.10716561642729429,0.1076564251991393,0.0004908087718450138
5.199999999999649,remaining_time_s,2,+,link4_to_satellite,0.045,0.07952033689973868,0.07952491022884056,4.573329101878465e-06
5.199999999999649,remaining_time_s,2,+,link5_to_satellite,0.045,0.28587766870921155,0.2858322187466278,-4.544996258376566e-05
5.199999999999649,remaining_time_s,2,+,link6_to_satellite,0.045,0.4291928005047139,0.4291928005047139,0.0
5.199999999999649,remaining_time_s,2,+,link7_to_satellite,0.045,0.5598715862906618,0.5598715862906618,0.0
5.199999999999649,remaining_time_s,2,+,link0_to_link4,0.045,0.2107389493273435,0.21081159876042876,7.264943308527005e-05
5.199999999999649,remaining_time_s,2,+,link0_to_link5,0.045,0.4117871827597742,0.4117871827597742,0.0
5.199999999999649,remaining_time_s,2,+,link0_to_link6,0.045,0.5279343217803429,0.5279343217803429,0.0
5.199999999999649,remaining_time_s,2,+,link0_to_link7,0.045,0.6463637577661371,0.6463637577661371,0.0
5.199999999999649,remaining_time_s,2,+,link1_to_link5,0.045,0.3785034791823591,0.3785034791823591,0.0
5.199999999999649,remaining_time_s,2,+,link1_to_link6,0.045,0.469677834390626,0.469677834390626,0.0
5.199999999999649,remaining_time_s,2,+,link1_to_link7,0.045,0.585782827125574,0.585782827125574,0.0
5.199999999999649,remaining_time_s,2,+,link2_to_link6,0.045,0.33311943334775784,0.33311943334775784,0.0
5.199999999999649,remaining_time_s,2,+,link2_to_link7,0.045,0.44915005800719626,0.44915005800719626,0.0
5.199999999999649,remaining_time_s,2,+,link3_to_link7,0.045,0.3687821027629857,0.36859353104128656,-0.00018857172169911562
5.199999999999649,remaining_time_s,2,+,satellite_base_collision__tumbling_target_geom,0.002,0.781821061669334,0.781821061669334,0.0
5.199999999999649,remaining_time_s,2,+,satellite_base_collision__target_contact_plate,0.002,0.8029138468487726,0.8029138468487726,0.0
5.199999999999649,remaining_time_s,2,+,link0_collision__tumbling_target_geom,0.002,0.9016630965503486,0.9016630965503486,0.0
5.199999999999649,remaining_time_s,2,+,link0_collision__target_contact_plate,0.002,0.9070384162684482,0.9070384162684482,0.0
5.199999999999649,remaining_time_s,2,+,link1_collision__tumbling_target_geom,0.002,0.7933818549392591,0.7934996306260512,0.00011777568679216532
5.199999999999649,remaining_time_s,2,+,link1_collision__target_contact_plate,0.002,0.8118003792054772,0.8118003792054772,0.0
5.199999999999649,remaining_time_s,2,+,link2_collision__tumbling_target_geom,0.002,0.6943297106001186,0.6942640575655377,-6.565303458094807e-05
5.199999999999649,remaining_time_s,2,+,link2_collision__target_contact_plate,0.002,0.6951367008224217,0.6951367008224217,0.0
5.199999999999649,remaining_time_s,2,+,link3_collision__tumbling_target_geom,0.002,0.6016391920054281,0.602239873837978,0.0006006818325497987
5.199999999999649,remaining_time_s,2,+,link3_collision__target_contact_plate,0.002,0.6016785069030235,0.602270411517293,0.0005919046142695006
5.199999999999649,remaining_time_s,2,+,link4_collision__tumbling_target_geom,0.002,0.4576305075124049,0.4586409666553744,0.0010104591429694887
5.199999999999649,remaining_time_s,2,+,link4_collision__target_contact_plate,0.002,0.45862343256962396,0.45936072136177947,0.0007372887921555105
5.199999999999649,remaining_time_s,2,+,link5_collision__tumbling_target_geom,0.002,0.21508557480166654,0.215911879966781,0.0008263051651144493
5.199999999999649,remaining_time_s,2,+,link5_collision__target_contact_plate,0.002,0.22073564563640732,0.22174630779562285,0.0010106621592155252
5.199999999999649,remaining_time_s,2,+,link6_collision__tumbling_target_geom,0.002,0.1653355049475509,0.1665628038307571,0.0012272988832062182
5.199999999999649,remaining_time_s,2,+,link6_collision__target_contact_plate,0.002,0.16533550494755095,0.16656280383075717,0.0012272988832062182
5.199999999999649,remaining_time_s,2,+,link7_collision__tumbling_target_geom,0.002,0.04813705675032221,0.049299727225313825,0.001162670474991613
5.199999999999649,remaining_time_s,2,+,link7_collision__target_contact_plate,0.002,0.04813705675032225,0.04929972722531389,0.001162670474991634
5.199999999999649,remaining_time_s,2,+,gripper_contact_pad__tumbling_target_geom,-0.002,0.03161028433035608,0.032771897966378465,0.0011616136360223864
5.199999999999649,remaining_time_s,2,+,n206_spacer__tumbling_target_geom,0.002,0.03714897132236395,0.038311158189453465,0.0011621868670895139
5.199999999999649,remaining_time_s,2,+,n206_spacer__target_contact_plate,0.002,0.037148971322364055,0.03831115819037953,0.0011621868680154746
5.199999999999649,remaining_time_s,2,+,n206_spacer__satellite_base_collision,0.045,0.6572233725294907,0.6572233725294907,0.0
5.199999999999649,remaining_time_s,2,+,n206_spacer__link0_collision,0.045,0.7643531945380526,0.7643531945380526,0.0
5.199999999999649,remaining_time_s,2,+,n206_spacer__link1_collision,0.045,0.7105719263052898,0.7105719263052898,0.0
5.199999999999649,remaining_time_s,2,+,n206_spacer__link2_collision,0.045,0.5727097056601491,0.5727097056601491,0.0
5.199999999999649,remaining_time_s,2,+,n206_spacer__link3_collision,0.045,0.4915488388215666,0.49137569347301396,-0.00017314534855261687
5.199999999999649,remaining_time_s,2,+,n206_spacer__link4_collision,0.045,0.3433002317118903,0.3433002317118903,0.0
5.199999999999649,remaining_time_s,2,+,n206_spacer__link5_collision,0.045,0.11077261721769514,0.11075972086556542,-1.2896352129726507e-05
5.199999999999649,remaining_time_s,2,+,n206_spacer__link6_collision,0.045,0.08391401432515329,0.08391401432516003,6.744604874597826e-15
5.199999999999649,remaining_time_s,2,+,n206_spacer__workspace_obstacle_0,0.045,1.955,1.955,0.0
5.199999999999649,remaining_time_s,2,+,gripper_contact_pad__satellite_base_collision,0.045,0.6644790580079847,0.6644790580079847,0.0
5.199999999999649,remaining_time_s,2,+,gripper_contact_pad__link0_collision,0.045,0.7732519570252898,0.7732519570252898,0.0
5.199999999999649,remaining_time_s,2,+,gripper_contact_pad__link1_collision,0.045,0.7202619999605008,0.7202619999605008,0.0
5.199999999999649,remaining_time_s,2,+,gripper_contact_pad__link2_collision,0.045,0.5822254976039641,0.5822254976039641,0.0
5.199999999999649,remaining_time_s,2,+,gripper_contact_pad__link3_collision,0.045,0.5009716508334269,0.500805057095985,-0.000166593737441878
5.199999999999649,remaining_time_s,2,+,gripper_contact_pad__link4_collision,0.045,0.3515903142310748,0.3515903142310748,0.0
5.199999999999649,remaining_time_s,2,+,gripper_contact_pad__link5_collision,0.045,0.11927335905881438,0.11925411093735226,-1.924812146211763e-05
5.199999999999649,remaining_time_s,2,+,gripper_contact_pad__link6_collision,0.045,0.09371401399112624,0.09371401399113567,9.43689570931383e-15
5.199999999999649,remaining_time_s,2,+,gripper_contact_pad__workspace_obstacle_0,0.045,1.955,1.955,0.0
5.199999999999649,normal_bump_m,3,-,link2_to_satellite,0.045,0.18653947460959464,0.18860729707922302,0.0020678224696283887
5.199999999999649,normal_bump_m,3,-,link3_to_satellite,0.045,0.10716561642729429,0.11048719774627895,0.003321581318984662
5.199999999999649,normal_bump_m,3,-,link4_to_satellite,0.045,0.07952033689973868,0.08034585675510021,0.0008255198553615284
5.199999999999649,normal_bump_m,3,-,link5_to_satellite,0.045,0.28587766870921155,0.2862791285199872,0.00040145981077566173
5.199999999999649,normal_bump_m,3,-,link6_to_satellite,0.045,0.4291928005047139,0.4291928005047139,0.0
5.199999999999649,normal_bump_m,3,-,link7_to_satellite,0.045,0.5598715862906618,0.5598715862906618,0.0
5.199999999999649,normal_bump_m,3,-,link0_to_link4,0.045,0.2107389493273435,0.21272094380613593,0.001981994478792437
5.199999999999649,normal_bump_m,3,-,link0_to_link5,0.045,0.4117871827597742,0.4117871827597742,0.0
5.199999999999649,normal_bump_m,3,-,link0_to_link6,0.045,0.5279343217803429,0.5279343217803429,0.0
5.199999999999649,normal_bump_m,3,-,link0_to_link7,0.045,0.6463637577661371,0.6463637577661371,0.0
5.199999999999649,normal_bump_m,3,-,link1_to_link5,0.045,0.3785034791823591,0.3785034791823591,0.0
5.199999999999649,normal_bump_m,3,-,link1_to_link6,0.045,0.469677834390626,0.469677834390626,0.0
5.199999999999649,normal_bump_m,3,-,link1_to_link7,0.045,0.585782827125574,0.585782827125574,0.0
5.199999999999649,normal_bump_m,3,-,link2_to_link6,0.045,0.33311943334775784,0.33311943334775784,0.0
5.199999999999649,normal_bump_m,3,-,link2_to_link7,0.045,0.44915005800719626,0.44915005800719626,0.0
5.199999999999649,normal_bump_m,3,-,link3_to_link7,0.045,0.3687821027629857,0.3685673337524883,-0.00021476901049738428
5.199999999999649,normal_bump_m,3,-,satellite_base_collision__tumbling_target_geom,0.002,0.781821061669334,0.781821061669334,0.0
5.199999999999649,normal_bump_m,3,-,satellite_base_collision__target_contact_plate,0.002,0.8029138468487726,0.8029138468487726,0.0
5.199999999999649,normal_bump_m,3,-,link0_collision__tumbling_target_geom,0.002,0.9016630965503486,0.9016630965503486,0.0
5.199999999999649,normal_bump_m,3,-,link0_collision__target_contact_plate,0.002,0.9070384162684482,0.9070384162684482,0.0
5.199999999999649,normal_bump_m,3,-,link1_collision__tumbling_target_geom,0.002,0.7933818549392591,0.7936219255634538,0.00024007062419473257
5.199999999999649,normal_bump_m,3,-,link1_collision__target_contact_plate,0.002,0.8118003792054772,0.8118003792054772,0.0
5.199999999999649,normal_bump_m,3,-,link2_collision__tumbling_target_geom,0.002,0.6943297106001186,0.6922275552361921,-0.00210215536392655
5.199999999999649,normal_bump_m,3,-,link2_collision__target_contact_plate,0.002,0.6951367008224217,0.6947032424570757,-0.0004334583653460289
5.199999999999649,normal_bump_m,3,-,link3_collision__tumbling_target_geom,0.002,0.6016391920054281,0.5959856082286501,-0.005653583776778048
5.199999999999649,normal_bump_m,3,-,link3_collision__target_contact_plate,0.002,0.6016785069030235,0.5959995176832399,-0.005678989219783603
5.199999999999649,normal_bump_m,3,-,link4_collision__tumbling_target_geom,0.002,0.4576305075124049,0.45175486875986304,-0.0058756387525418785
5.199999999999649,normal_bump_m,3,-,link4_collision__target_contact_plate,0.002,0.45862343256962396,0.4526011340344554,-0.006022298535168558
5.199999999999649,normal_bump_m,3,-,link5_collision__tumbling_target_geom,0.002,0.21508557480166654,0.20945930557822678,-0.005626269223439756
5.199999999999649,normal_bump_m,3,-,link5_collision__target_contact_plate,0.002,0.22073564563640732,0.21555746886119007,-0.005178176775217258
5.199999999999649,normal_bump_m,3,-,link6_collision__tumbling_target_geom,0.002,0.1653355049475509,0.15940755528251185,-0.0059279496650390395
5.199999999999649,normal_bump_m,3,-,link6_collision__target_contact_plate,0.002,0.16533550494755095,0.1594075552825119,-0.0059279496650390395
5.199999999999649,normal_bump_m,3,-,link7_collision__tumbling_target_geom,0.002,0.04813705675032221,0.04227139319524523,-0.0058656635550769845
5.199999999999649,normal_bump_m,3,-,link7_collision__target_contact_plate,0.002,0.04813705675032225,0.042271393195245324,-0.005865663555076929
5.199999999999649,normal_bump_m,3,-,gripper_contact_pad__tumbling_target_geom,-0.002,0.03161028433035608,0.025747373161021637,-0.005862911169334441
5.199999999999649,normal_bump_m,3,-,n206_spacer__tumbling_target_geom,0.002,0.03714897132236395,0.03128557974050053,-0.005863391581863421
5.199999999999649,normal_bump_m,3,-,n206_spacer__target_contact_plate,0.002,0.037148971322364055,0.031285579740500606,-0.005863391581863449
5.199999999999649,normal_bump_m,3,-,n206_spacer__satellite_base_collision,0.045,0.6572233725294907,0.6572233725294907,0.0
5.199999999999649,normal_bump_m,3,-,n206_spacer__link0_collision,0.045,0.7643531945380526,0.7643531945380526,0.0
5.199999999999649,normal_bump_m,3,-,n206_spacer__link1_collision,0.045,0.7105719263052898,0.7105719263052898,0.0
5.199999999999649,normal_bump_m,3,-,n206_spacer__link2_collision,0.045,0.5727097056601491,0.5727097056601491,0.0
5.199999999999649,normal_bump_m,3,-,n206_spacer__link3_collision,0.045,0.4915488388215666,0.4915407620462478,-8.076775318777152e-06
5.199999999999649,normal_bump_m,3,-,n206_spacer__link4_collision,0.045,0.3433002317118903,0.3433002317118903,0.0
5.199999999999649,normal_bump_m,3,-,n206_spacer__link5_collision,0.045,0.11077261721769514,0.11075321493050523,-1.9402287189912437e-05
5.199999999999649,normal_bump_m,3,-,n206_spacer__link6_collision,0.045,0.08391401432515329,0.08391401432515345,1.6653345369377348e-16
5.199999999999649,normal_bump_m,3,-,n206_spacer__workspace_obstacle_0,0.045,1.955,1.955,0.0
5.199999999999649,normal_bump_m,3,-,gripper_contact_pad__satellite_base_collision,0.045,0.6644790580079847,0.6644790580079847,0.0
5.199999999999649,normal_bump_m,3,-,gripper_contact_pad__link0_collision,0.045,0.7732519570252898,0.7732519570252898,0.0
5.199999999999649,normal_bump_m,3,-,gripper_contact_pad__link1_collision,0.045,0.7202619999605008,0.7202619999605008,0.0
5.199999999999649,normal_bump_m,3,-,gripper_contact_pad__link2_collision,0.045,0.5822254976039641,0.5822254976039641,0.0
5.199999999999649,normal_bump_m,3,-,gripper_contact_pad__link3_collision,0.045,0.5009716508334269,0.5009819479214187,1.029708799182849e-05
5.199999999999649,normal_bump_m,3,-,gripper_contact_pad__link4_collision,0.045,0.3515903142310748,0.3515903142310748,0.0
5.199999999999649,normal_bump_m,3,-,gripper_contact_pad__link5_collision,0.045,0.11927335905881438,0.11924405172630877,-2.930733250561257e-05
5.199999999999649,normal_bump_m,3,-,gripper_contact_pad__link6_collision,0.045,0.09371401399112624,0.09371401399112912,2.886579864025407e-15
5.199999999999649,normal_bump_m,3,-,gripper_contact_pad__workspace_obstacle_0,0.045,1.955,1.955,0.0
5.199999999999649,normal_bump_m,4,+,link2_to_satellite,0.045,0.18653947460959464,0.1844418806728494,-0.0020975939367452456
5.199999999999649,normal_bump_m,4,+,link3_to_satellite,0.045,0.10716561642729429,0.10207461686947202,-0.005090999557822273
5.199999999999649,normal_bump_m,4,+,link4_to_satellite,0.045,0.07952033689973868,0.07829395492422352,-0.0012263819755151673
5.199999999999649,normal_bump_m,4,+,link5_to_satellite,0.045,0.28587766870921155,0.2852516353757407,-0.0006260333334708323
5.199999999999649,normal_bump_m,4,+,link6_to_satellite,0.045,0.4291928005047139,0.4291928005047139,0.0
5.199999999999649,normal_bump_m,4,+,link7_to_satellite,0.045,0.5598715862906618,0.5598715862906618,0.0
5.199999999999649,normal_bump_m,4,+,link0_to_link4,0.045,0.2107389493273435,0.20764995690114735,-0.0030889924261961466
5.199999999999649,normal_bump_m,4,+,link0_to_link5,0.045,0.4117871827597742,0.4117871827597742,0.0
5.199999999999649,normal_bump_m,4,+,link0_to_link6,0.045,0.5279343217803429,0.5279343217803429,0.0
5.199999999999649,normal_bump_m,4,+,link0_to_link7,0.045,0.6463637577661371,0.6463637577661371,0.0
5.199999999999649,normal_bump_m,4,+,link1_to_link5,0.045,0.3785034791823591,0.3785034791823591,0.0
5.199999999999649,normal_bump_m,4,+,link1_to_link6,0.045,0.469677834390626,0.469677834390626,0.0
5.199999999999649,normal_bump_m,4,+,link1_to_link7,0.045,0.585782827125574,0.585782827125574,0.0
5.199999999999649,normal_bump_m,4,+,link2_to_link6,0.045,0.33311943334775784,0.33311943334775784,0.0
5.199999999999649,normal_bump_m,4,+,link2_to_link7,0.045,0.44915005800719626,0.44915005800719626,0.0
5.199999999999649,normal_bump_m,4,+,link3_to_link7,0.045,0.3687821027629857,0.36902324538672643,0.00024114262374075324
5.199999999999649,normal_bump_m,4,+,satellite_base_collision__tumbling_target_geom,0.002,0.781821061669334,0.781821061669334,0.0
5.199999999999649,normal_bump_m,4,+,satellite_base_collision__target_contact_plate,0.002,0.8029138468487726,0.8029138468487726,0.0
5.199999999999649,normal_bump_m,4,+,link0_collision__tumbling_target_geom,0.002,0.9016630965503486,0.9016630965503486,0.0
5.199999999999649,normal_bump_m,4,+,link0_collision__target_contact_plate,0.002,0.9070384162684482,0.9070384162684482,0.0
5.199999999999649,normal_bump_m,4,+,link1_collision__tumbling_target_geom,0.002,0.7933818549392591,0.7931452073363668,-0.00023664760289221487
5.199999999999649,normal_bump_m,4,+,link1_collision__target_contact_plate,0.002,0.8118003792054772,0.8118003792054772,0.0
5.199999999999649,normal_bump_m,4,+,link2_collision__tumbling_target_geom,0.002,0.6943297106001186,0.6951236840794461,0.0007939734793275255
5.199999999999649,normal_bump_m,4,+,link2_collision__target_contact_plate,0.002,0.6951367008224217,0.6951367008224217,0.0
5.199999999999649,normal_bump_m,4,+,link3_collision__tumbling_target_geom,0.002,0.6016391920054281,0.6072795769614394,0.0056403849560112684
5.199999999999649,normal_bump_m,4,+,link3_collision__target_contact_plate,0.002,0.6016785069030235,0.6073547310341508,0.005676224131127339
5.199999999999649,normal_bump_m,4,+,link4_collision__tumbling_target_geom,0.002,0.4576305075124049,0.4634948430222029,0.00586433550979798
5.199999999999649,normal_bump_m,4,+,link4_collision__target_contact_plate,0.002,0.45862343256962396,0.4646156000381503,0.0059921674685263215
5.199999999999649,normal_bump_m,4,+,link5_collision__tumbling_target_geom,0.002,0.21508557480166654,0.22072215585650656,0.005636581054840023
5.199999999999649,normal_bump_m,4,+,link5_collision__target_contact_plate,0.002,0.22073564563640732,0.225959717313719,0.005224071677311676
5.199999999999649,normal_bump_m,4,+,link6_collision__tumbling_target_geom,0.002,0.1653355049475509,0.16871555331872656,0.00338004837117567
5.199999999999649,normal_bump_m,4,+,link6_collision__target_contact_plate,0.002,0.16533550494755095,0.1687155533187265,0.003380048371175559
5.199999999999649,normal_bump_m,4,+,link7_collision__tumbling_target_geom,0.002,0.04813705675032221,0.05400629154518304,0.005869234794860831
5.199999999999649,normal_bump_m,4,+,link7_collision__target_contact_plate,0.002,0.04813705675032225,0.05400629154518309,0.005869234794860838
5.199999999999649,normal_bump_m,4,+,gripper_contact_pad__tumbling_target_geom,-0.002,0.03161028433035608,0.0374771503781406,0.005866866047784525
5.199999999999649,normal_bump_m,4,+,n206_spacer__tumbling_target_geom,0.002,0.03714897132236395,0.04301631256878758,0.00586734124642363
5.199999999999649,normal_bump_m,4,+,n206_spacer__target_contact_plate,0.002,0.037148971322364055,0.043016312574097444,0.005867341251733389
5.199999999999649,normal_bump_m,4,+,n206_spacer__satellite_base_collision,0.045,0.6572233725294907,0.6572233725294907,0.0
5.199999999999649,normal_bump_m,4,+,n206_spacer__link0_collision,0.045,0.7643531945380526,0.7643531945380526,0.0
5.199999999999649,normal_bump_m,4,+,n206_spacer__link1_collision,0.045,0.7105719263052898,0.7105719263052898,0.0
5.199999999999649,normal_bump_m,4,+,n206_spacer__link2_collision,0.045,0.5727097056601491,0.5727097056601491,0.0
5.199999999999649,normal_bump_m,4,+,n206_spacer__link3_collision,0.045,0.4915488388215666,0.4915756425656394,2.6803744072823044e-05
5.199999999999649,normal_bump_m,4,+,n206_spacer__link4_collision,0.045,0.3433002317118903,0.3433002317118903,0.0
5.199999999999649,normal_bump_m,4,+,n206_spacer__link5_collision,0.045,0.11077261721769514,0.11079482685378274,2.220963608759452e-05
5.199999999999649,normal_bump_m,4,+,n206_spacer__link6_collision,0.045,0.08391401432515329,0.0839140143251554,2.1094237467877974e-15
5.199999999999649,normal_bump_m,4,+,n206_spacer__workspace_obstacle_0,0.045,1.955,1.955,0.0
5.199999999999649,normal_bump_m,4,+,gripper_contact_pad__satellite_base_collision,0.045,0.6644790580079847,0.6644790580079847,0.0
5.199999999999649,normal_bump_m,4,+,gripper_contact_pad__link0_collision,0.045,0.7732519570252898,0.7732519570252898,0.0
5.199999999999649,normal_bump_m,4,+,gripper_contact_pad__link1_collision,0.045,0.7202619999605008,0.7202619999605008,0.0
5.199999999999649,normal_bump_m,4,+,gripper_contact_pad__link2_collision,0.045,0.5822254976039641,0.5822254976039641,0.0
5.199999999999649,normal_bump_m,4,+,gripper_contact_pad__link3_collision,0.045,0.5009716508334269,0.500980182919294,8.532085867152261e-06
5.199999999999649,normal_bump_m,4,+,gripper_contact_pad__link4_collision,0.045,0.3515903142310748,0.3515903142310748,0.0
5.199999999999649,normal_bump_m,4,+,gripper_contact_pad__link5_collision,0.045,0.11927335905881438,0.1193050165618048,3.1657502990417585e-05
5.199999999999649,normal_bump_m,4,+,gripper_contact_pad__link6_collision,0.045,0.09371401399112624,0.09371401399113986,1.3627987627273797e-14
5.199999999999649,normal_bump_m,4,+,gripper_contact_pad__workspace_obstacle_0,0.045,1.955,1.955,0.0
5.199999999999649,tangent_bump_m,5,-,link2_to_satellite,0.045,0.18653947460959464,0.18655366869865259,1.419408905795061e-05
5.199999999999649,tangent_bump_m,5,-,link3_to_satellite,0.045,0.10716561642729429,0.1071382269955057,-2.7389431788593654e-05
5.199999999999649,tangent_bump_m,5,-,link4_to_satellite,0.045,0.07952033689973868,0.07966450432418933,0.0001441674244506419
5.199999999999649,tangent_bump_m,5,-,link5_to_satellite,0.045,0.28587766870921155,0.2860671785520747,0.00018950984286314476
5.199999999999649,tangent_bump_m,5,-,link6_to_satellite,0.045,0.4291928005047139,0.4291928005047139,0.0
5.199999999999649,tangent_bump_m,5,-,link7_to_satellite,0.045,0.5598715862906618,0.5598715862906618,0.0
5.199999999999649,tangent_bump_m,5,-,link0_to_link4,0.045,0.2107389493273435,0.21109680275278936,0.0003578534254458643
5.199999999999649,tangent_bump_m,5,-,link0_to_link5,0.045,0.4117871827597742,0.4117871827597742,0.0
5.199999999999649,tangent_bump_m,5,-,link0_to_link6,0.045,0.5279343217803429,0.5279343217803429,0.0
5.199999999999649,tangent_bump_m,5,-,link0_to_link7,0.045,0.6463637577661371,0.6463637577661371,0.0
5.199999999999649,tangent_bump_m,5,-,link1_to_link5,0.045,0.3785034791823591,0.3785034791823591,0.0
5.199999999999649,tangent_bump_m,5,-,link1_to_link6,0.045,0.469677834390626,0.469677834390626,0.0
5.199999999999649,tangent_bump_m,5,-,link1_to_link7,0.045,0.585782827125574,0.585782827125574,0.0
5.199999999999649,tangent_bump_m,5,-,link2_to_link6,0.045,0.33311943334775784,0.33311943334775784,0.0
5.199999999999649,tangent_bump_m,5,-,link2_to_link7,0.045,0.44915005800719626,0.44915005800719626,0.0
5.199999999999649,tangent_bump_m,5,-,link3_to_link7,0.045,0.3687821027629857,0.36953688535161144,0.0007547825886257686
5.199999999999649,tangent_bump_m,5,-,satellite_base_collision__tumbling_target_geom,0.002,0.781821061669334,0.781821061669334,0.0
5.199999999999649,tangent_bump_m,5,-,satellite_base_collision__target_contact_plate,0.002,0.8029138468487726,0.8029138468487726,0.0
5.199999999999649,tangent_bump_m,5,-,link0_collision__tumbling_target_geom,0.002,0.9016630965503486,0.9016630965503486,0.0
5.199999999999649,tangent_bump_m,5,-,link0_collision__target_contact_plate,0.002,0.9070384162684482,0.9070384162684482,0.0
5.199999999999649,tangent_bump_m,5,-,link1_collision__tumbling_target_geom,0.002,0.7933818549392591,0.7925854791039791,-0.0007963758352799166
5.199999999999649,tangent_bump_m,5,-,link1_collision__target_contact_plate,0.002,0.8118003792054772,0.8118003792054772,0.0
5.199999999999649,tangent_bump_m,5,-,link2_collision__tumbling_target_geom,0.002,0.6943297106001186,0.694016414065527,-0.00031329653459155615
5.199999999999649,tangent_bump_m,5,-,link2_collision__target_contact_plate,0.002,0.6951367008224217,0.6951367008224217,0.0
5.199999999999649,tangent_bump_m,5,-,link3_collision__tumbling_target_geom,0.002,0.6016391920054281,0.6019885295652714,0.00034933755984323245
5.199999999999649,tangent_bump_m,5,-,link3_collision__target_contact_plate,0.002,0.6016785069030235,0.6020257065495318,0.0003471996465083116
5.199999999999649,tangent_bump_m,5,-,link4_collision__tumbling_target_geom,0.002,0.4576305075124049,0.4577184935384848,8.798602607990036e-05
5.199999999999649,tangent_bump_m,5,-,link4_collision__target_contact_plate,0.002,0.45862343256962396,0.4588818348699515,0.00025840230032753153
5.199999999999649,tangent_bump_m,5,-,link5_collision__tumbling_target_geom,0.002,0.21508557480166654,0.2149613459363533,-0.00012422886531324173
5.199999999999649,tangent_bump_m,5,-,link5_collision__target_contact_plate,0.002,0.22073564563640732,0.21905046563655675,-0.0016851799998505723
5.199999999999649,tangent_bump_m,5,-,link6_collision__tumbling_target_geom,0.002,0.1653355049475509,0.1653709601387289,3.545519117800766e-05
5.199999999999649,tangent_bump_m,5,-,link6_collision__target_contact_plate,0.002,0.16533550494755095,0.165370960138729,3.545519117806317e-05
5.199999999999649,tangent_bump_m,5,-,link7_collision__tumbling_target_geom,0.002,0.04813705675032221,0.04811862878251608,-1.842796780612832e-05
5.199999999999649,tangent_bump_m,5,-,link7_collision__target_contact_plate,0.002,0.04813705675032225,0.048118628782516125,-1.842796780612832e-05
5.199999999999649,tangent_bump_m,5,-,gripper_contact_pad__tumbling_target_geom,-0.002,0.03161028433035608,0.03158833427403556,-2.195005632051744e-05
5.199999999999649,tangent_bump_m,5,-,n206_spacer__tumbling_target_geom,0.002,0.03714897132236395,0.037127312933038004,-2.165838932594727e-05
5.199999999999649,tangent_bump_m,5,-,n206_spacer__target_contact_plate,0.002,0.037148971322364055,0.03712731293303763,-2.1658389326426053e-05
5.199999999999649,tangent_bump_m,5,-,n206_spacer__satellite_base_collision,0.045,0.6572233725294907,0.6572233725294907,0.0
5.199999999999649,tangent_bump_m,5,-,n206_spacer__link0_collision,0.045,0.7643531945380526,0.7643531945380526,0.0
5.199999999999649,tangent_bump_m,5,-,n206_spacer__link1_collision,0.045,0.7105719263052898,0.7105719263052898,0.0
5.199999999999649,tangent_bump_m,5,-,n206_spacer__link2_collision,0.045,0.5727097056601491,0.5727097056601491,0.0
5.199999999999649,tangent_bump_m,5,-,n206_spacer__link3_collision,0.045,0.4915488388215666,0.49198419729009385,0.00043535846852726934
5.199999999999649,tangent_bump_m,5,-,n206_spacer__link4_collision,0.045,0.3433002317118903,0.3433002317118903,0.0
5.199999999999649,tangent_bump_m,5,-,n206_spacer__link5_collision,0.045,0.11077261721769514,0.1108293951765789,5.677795888375803e-05
5.199999999999649,tangent_bump_m,5,-,n206_spacer__link6_collision,0.045,0.08391401432515329,0.0839140143251451,-8.18789480661053e-15
5.199999999999649,tangent_bump_m,5,-,n206_spacer__workspace_obstacle_0,0.045,1.955,1.955,0.0
5.199999999999649,tangent_bump_m,5,-,gripper_contact_pad__satellite_base_collision,0.045,0.6644790580079847,0.6644790580079847,0.0
5.199999999999649,tangent_bump_m,5,-,gripper_contact_pad__link0_collision,0.045,0.7732519570252898,0.7732519570252898,0.0
5.199999999999649,tangent_bump_m,5,-,gripper_contact_pad__link1_collision,0.045,0.7202619999605008,0.7202619999605008,0.0
5.199999999999649,tangent_bump_m,5,-,gripper_contact_pad__link2_collision,0.045,0.5822254976039641,0.5822254976039641,0.0
5.199999999999649,tangent_bump_m,5,-,gripper_contact_pad__link3_collision,0.045,0.5009716508334269,0.501375642396638,0.00040399156321113683
5.199999999999649,tangent_bump_m,5,-,gripper_contact_pad__link4_collision,0.045,0.3515903142310748,0.3515903142310748,0.0
5.199999999999649,tangent_bump_m,5,-,gripper_contact_pad__link5_collision,0.045,0.11927335905881438,0.11935194029198216,7.858123316778487e-05
5.199999999999649,tangent_bump_m,5,-,gripper_contact_pad__link6_collision,0.045,0.09371401399112624,0.0937140139911239,-2.3314683517128287e-15
5.199999999999649,tangent_bump_m,5,-,gripper_contact_pad__workspace_obstacle_0,0.045,1.955,1.955,0.0
5.199999999999649,tangent_bump_m,6,+,link2_to_satellite,0.045,0.18653947460959464,0.18655079729035284,1.132268075820786e-05
5.199999999999649,tangent_bump_m,6,+,link3_to_satellite,0.045,0.10716561642729429,0.10723368596675041,6.80695394561226e-05
5.199999999999649,tangent_bump_m,6,+,link4_to_satellite,0.045,0.07952033689973868,0.07937850930334124,-0.00014182759639744247
5.199999999999649,tangent_bump_m,6,+,link5_to_satellite,0.045,0.28587766870921155,0.2856686023962312,-0.00020906631298034384
5.199999999999649,tangent_bump_m,6,+,link6_to_satellite,0.045,0.4291928005047139,0.4291928005047139,0.0
5.199999999999649,tangent_bump_m,6,+,link7_to_satellite,0.045,0.5598715862906618,0.5598715862906618,0.0
5.199999999999649,tangent_bump_m,6,+,link0_to_link4,0.045,0.2107389493273435,0.21033142067384786,-0.00040752865349563683
5.199999999999649,tangent_bump_m,6,+,link0_to_link5,0.045,0.4117871827597742,0.4117871827597742,0.0
5.199999999999649,tangent_bump_m,6,+,link0_to_link6,0.045,0.5279343217803429,0.5279343217803429,0.0
5.199999999999649,tangent_bump_m,6,+,link0_to_link7,0.045,0.6463637577661371,0.6463637577661371,0.0
5.199999999999649,tangent_bump_m,6,+,link1_to_link5,0.045,0.3785034791823591,0.3785034791823591,0.0
5.199999999999649,tangent_bump_m,6,+,link1_to_link6,0.045,0.469677834390626,0.469677834390626,0.0
5.199999999999649,tangent_bump_m,6,+,link1_to_link7,0.045,0.585782827125574,0.585782827125574,0.0
5.199999999999649,tangent_bump_m,6,+,link2_to_link6,0.045,0.33311943334775784,0.33311943334775784,0.0
5.199999999999649,tangent_bump_m,6,+,link2_to_link7,0.045,0.44915005800719626,0.44915005800719626,0.0
5.199999999999649,tangent_bump_m,6,+,link3_to_link7,0.045,0.3687821027629857,0.3680104447720471,-0.0007716579909385901
5.199999999999649,tangent_bump_m,6,+,satellite_base_collision__tumbling_target_geom,0.002,0.781821061669334,0.781821061669334,0.0
5.199999999999649,tangent_bump_m,6,+,satellite_base_collision__target_contact_plate,0.002,0.8029138468487726,0.8029138468487726,0.0
5.199999999999649,tangent_bump_m,6,+,link0_collision__tumbling_target_geom,0.002,0.9016630965503486,0.9016630965503486,0.0
5.199999999999649,tangent_bump_m,6,+,link0_collision__target_contact_plate,0.002,0.9070384162684482,0.9070384162684482,0.0
5.199999999999649,tangent_bump_m,6,+,link1_collision__tumbling_target_geom,0.002,0.7933818549392591,0.7941385033166478,0.0007566483773887578
5.199999999999649,tangent_bump_m,6,+,link1_collision__target_contact_plate,0.002,0.8118003792054772,0.8118003792054772,0.0
5.199999999999649,tangent_bump_m,6,+,link2_collision__tumbling_target_geom,0.002,0.6943297106001186,0.6946149945917365,0.00028528399161786844
5.199999999999649,tangent_bump_m,6,+,link2_collision__target_contact_plate,0.002,0.6951367008224217,0.6951367008224217,0.0
5.199999999999649,tangent_bump_m,6,+,link3_collision__tumbling_target_geom,0.002,0.6016391920054281,0.60119874681871,-0.00044044518671815247
5.199999999999649,tangent_bump_m,6,+,link3_collision__target_contact_plate,0.002,0.6016785069030235,0.601240078604574,-0.00043842829844953357
5.199999999999649,tangent_bump_m,6,+,link4_collision__tumbling_target_geom,0.002,0.4576305075124049,0.4575104153194798,-0.0001200921929251364
5.199999999999649,tangent_bump_m,6,+,link4_collision__target_contact_plate,0.002,0.45862343256962396,0.45810230049264833,-0.0005211320769756278
5.199999999999649,tangent_bump_m,6,+,link5_collision__tumbling_target_geom,0.002,0.21508557480166654,0.21524635253181496,0.0001607777301484148
5.199999999999649,tangent_bump_m,6,+,link5_collision__target_contact_plate,0.002,0.22073564563640732,0.22271150172883225,0.001975856092424927
5.199999999999649,tangent_bump_m,6,+,link6_collision__tumbling_target_geom,0.002,0.1653355049475509,0.16530337085943614,-3.213408811475471e-05
5.199999999999649,tangent_bump_m,6,+,link6_collision__target_contact_plate,0.002,0.16533550494755095,0.16530337085943622,-3.2134088114726955e-05
5.199999999999649,tangent_bump_m,6,+,link7_collision__tumbling_target_geom,0.002,0.04813705675032221,0.04816005404364085,2.2997293318637035e-05
5.199999999999649,tangent_bump_m,6,+,link7_collision__target_contact_plate,0.002,0.04813705675032225,0.04816005404364092,2.299729331866479e-05
5.199999999999649,tangent_bump_m,6,+,gripper_contact_pad__tumbling_target_geom,-0.002,0.03161028433035608,0.031637473398809325,2.7189068453246923e-05
5.199999999999649,tangent_bump_m,6,+,n206_spacer__tumbling_target_geom,0.002,0.03714897132236395,0.03717582547990225,2.6854157538301615e-05
5.199999999999649,tangent_bump_m,6,+,n206_spacer__target_contact_plate,0.002,0.037148971322364055,0.037175825479901926,2.6854157537871404e-05
5.199999999999649,tangent_bump_m,6,+,n206_spacer__satellite_base_collision,0.045,0.6572233725294907,0.6572233725294907,0.0
5.199999999999649,tangent_bump_m,6,+,n206_spacer__link0_collision,0.045,0.7643531945380526,0.7643531945380526,0.0
5.199999999999649,tangent_bump_m,6,+,n206_spacer__link1_collision,0.045,0.7105719263052898,0.7105719263052898,0.0
5.199999999999649,tangent_bump_m,6,+,n206_spacer__link2_collision,0.045,0.5727097056601491,0.5727097056601491,0.0
5.199999999999649,tangent_bump_m,6,+,n206_spacer__link3_collision,0.045,0.4915488388215666,0.49107917371946425,-0.0004696651021023346
5.199999999999649,tangent_bump_m,6,+,n206_spacer__link4_collision,0.045,0.3433002317118903,0.3433002317118903,0.0
5.199999999999649,tangent_bump_m,6,+,n206_spacer__link5_collision,0.045,0.11077261721769514,0.11073455807415682,-3.805914353832707e-05
5.199999999999649,tangent_bump_m,6,+,n206_spacer__link6_collision,0.045,0.08391401432515329,0.08391401432515903,5.745404152435185e-15
5.199999999999649,tangent_bump_m,6,+,n206_spacer__workspace_obstacle_0,0.045,1.955,1.955,0.0
5.199999999999649,tangent_bump_m,6,+,gripper_contact_pad__satellite_base_collision,0.045,0.6644790580079847,0.6644790580079847,0.0
5.199999999999649,tangent_bump_m,6,+,gripper_contact_pad__link0_collision,0.045,0.7732519570252898,0.7732519570252898,0.0
5.199999999999649,tangent_bump_m,6,+,gripper_contact_pad__link1_collision,0.045,0.7202619999605008,0.7202619999605008,0.0
5.199999999999649,tangent_bump_m,6,+,gripper_contact_pad__link2_collision,0.045,0.5822254976039641,0.5822254976039641,0.0
5.199999999999649,tangent_bump_m,6,+,gripper_contact_pad__link3_collision,0.045,0.5009716508334269,0.5005324128333599,-0.0004392380000669549
5.199999999999649,tangent_bump_m,6,+,gripper_contact_pad__link4_collision,0.045,0.3515903142310748,0.3515903142310748,0.0
5.199999999999649,tangent_bump_m,6,+,gripper_contact_pad__link5_collision,0.045,0.11927335905881438,0.11921307189512788,-6.0287163686501e-05
5.199999999999649,tangent_bump_m,6,+,gripper_contact_pad__link6_collision,0.045,0.09371401399112624,0.09371401399113989,1.3655743202889425e-14
5.199999999999649,tangent_bump_m,6,+,gripper_contact_pad__workspace_obstacle_0,0.045,1.955,1.955,0.0
5.199999999999649,psi_mid_correction_rad,7,-,link2_to_satellite,0.045,0.18653947460959464,0.18215805596981088,-0.004381418639783752
5.199999999999649,psi_mid_correction_rad,7,-,link3_to_satellite,0.045,0.10716561642729429,0.10050986346191836,-0.006655752965375933
5.199999999999649,psi_mid_correction_rad,7,-,link4_to_satellite,0.045,0.07952033689973868,0.07835806353675757,-0.0011622733629811088
5.199999999999649,psi_mid_correction_rad,7,-,link5_to_satellite,0.045,0.28587766870921155,0.2855532755091503,-0.00032439320006127925
5.199999999999649,psi_mid_correction_rad,7,-,link6_to_satellite,0.045,0.4291928005047139,0.4291928005047139,0.0
5.199999999999649,psi_mid_correction_rad,7,-,link7_to_satellite,0.045,0.5598715862906618,0.5598715862906618,0.0
5.199999999999649,psi_mid_correction_rad,7,-,link0_to_link4,0.045,0.2107389493273435,0.20693802122598282,-0.003800928101360679
5.199999999999649,psi_mid_correction_rad,7,-,link0_to_link5,0.045,0.4117871827597742,0.4117871827597742,0.0
5.199999999999649,psi_mid_correction_rad,7,-,link0_to_link6,0.045,0.5279343217803429,0.5279343217803429,0.0
5.199999999999649,psi_mid_correction_rad,7,-,link0_to_link7,0.045,0.6463637577661371,0.6463637577661371,0.0
5.199999999999649,psi_mid_correction_rad,7,-,link1_to_link5,0.045,0.3785034791823591,0.3785034791823591,0.0
5.199999999999649,psi_mid_correction_rad,7,-,link1_to_link6,0.045,0.469677834390626,0.469677834390626,0.0
5.199999999999649,psi_mid_correction_rad,7,-,link1_to_link7,0.045,0.585782827125574,0.585782827125574,0.0
5.199999999999649,psi_mid_correction_rad,7,-,link2_to_link6,0.045,0.33311943334775784,0.33311943334775784,0.0
5.199999999999649,psi_mid_correction_rad,7,-,link2_to_link7,0.045,0.44915005800719626,0.44915005800719626,0.0
5.199999999999649,psi_mid_correction_rad,7,-,link3_to_link7,0.045,0.3687821027629857,0.3695059566211547,0.0007238538581690324
5.199999999999649,psi_mid_correction_rad,7,-,satellite_base_collision__tumbling_target_geom,0.002,0.781821061669334,0.781821061669334,0.0
5.199999999999649,psi_mid_correction_rad,7,-,satellite_base_collision__target_contact_plate,0.002,0.8029138468487726,0.8029138468487726,0.0
5.199999999999649,psi_mid_correction_rad,7,-,link0_collision__tumbling_target_geom,0.002,0.9016630965503486,0.9016630965503486,0.0
5.199999999999649,psi_mid_correction_rad,7,-,link0_collision__target_contact_plate,0.002,0.9070384162684482,0.9070384162684482,0.0
5.199999999999649,psi_mid_correction_rad,7,-,link1_collision__tumbling_target_geom,0.002,0.7933818549392591,0.7934887905818878,0.00010693564262875821
5.199999999999649,psi_mid_correction_rad,7,-,link1_collision__target_contact_plate,0.002,0.8118003792054772,0.8118003792054772,0.0
5.199999999999649,psi_mid_correction_rad,7,-,link2_collision__tumbling_target_geom,0.002,0.6943297106001186,0.6951236840794461,0.0007939734793275255
5.199999999999649,psi_mid_correction_rad,7,-,link2_collision__target_contact_plate,0.002,0.6951367008224217,0.6951367008224217,0.0
5.199999999999649,psi_mid_correction_rad,7,-,link3_collision__tumbling_target_geom,0.002,0.6016391920054281,0.6035087782854965,0.0018695862800683916
5.199999999999649,psi_mid_correction_rad,7,-,link3_collision__target_contact_plate,0.002,0.6016785069030235,0.6036827638538454,0.0020042569508219588
5.199999999999649,psi_mid_correction_rad,7,-,link4_collision__tumbling_target_geom,0.002,0.4576305075124049,0.45810431471728863,0.00047380720488371386
5.199999999999649,psi_mid_correction_rad,7,-,link4_collision__target_contact_plate,0.002,0.45862343256962396,0.4599373876277931,0.0013139550581691695
5.199999999999649,psi_mid_correction_rad,7,-,link5_collision__tumbling_target_geom,0.002,0.21508557480166654,0.2164476687135327,0.0013620939118661468
5.199999999999649,psi_mid_correction_rad,7,-,link5_collision__target_contact_plate,0.002,0.22073564563640732,0.2226232633348878,0.001887617698480476
5.199999999999649,psi_mid_correction_rad,7,-,link6_collision__tumbling_target_geom,0.002,0.1653355049475509,0.1651493271850431,-0.00018617776250778872
5.199999999999649,psi_mid_correction_rad,7,-,link6_collision__target_contact_plate,0.002,0.16533550494755095,0.16514932718504322,-0.0001861777625077332
5.199999999999649,psi_mid_correction_rad,7,-,link7_collision__tumbling_target_geom,0.002,0.04813705675032221,0.048201407708779405,6.43509584571933e-05
5.199999999999649,psi_mid_correction_rad,7,-,link7_collision__target_contact_plate,0.002,0.04813705675032225,0.04820140770877947,6.435095845721411e-05
5.199999999999649,psi_mid_correction_rad,7,-,gripper_contact_pad__tumbling_target_geom,-0.002,0.03161028433035608,0.03167940763453633,6.91233041802547e-05
5.199999999999649,psi_mid_correction_rad,7,-,n206_spacer__tumbling_target_geom,0.002,0.03714897132236395,0.037214186873245764,6.52155508818128e-05
5.199999999999649,psi_mid_correction_rad,7,-,n206_spacer__target_contact_plate,0.002,0.037148971322364055,0.037214186881602204,6.521555923814926e-05
5.199999999999649,psi_mid_correction_rad,7,-,n206_spacer__satellite_base_collision,0.045,0.6572233725294907,0.6572233725294907,0.0
5.199999999999649,psi_mid_correction_rad,7,-,n206_spacer__link0_collision,0.045,0.7643531945380526,0.7643531945380526,0.0
5.199999999999649,psi_mid_correction_rad,7,-,n206_spacer__link1_collision,0.045,0.7105719263052898,0.7105719263052898,0.0
5.199999999999649,psi_mid_correction_rad,7,-,n206_spacer__link2_collision,0.045,0.5727097056601491,0.5727097056601491,0.0
5.199999999999649,psi_mid_correction_rad,7,-,n206_spacer__link3_collision,0.045,0.4915488388215666,0.4921234445806472,0.0005746057590806375
5.199999999999649,psi_mid_correction_rad,7,-,n206_spacer__link4_collision,0.045,0.3433002317118903,0.3433002317118903,0.0
5.199999999999649,psi_mid_correction_rad,7,-,n206_spacer__link5_collision,0.045,0.11077261721769514,0.11082517437246613,5.255715477098244e-05
5.199999999999649,psi_mid_correction_rad,7,-,n206_spacer__link6_collision,0.045,0.08391401432515329,0.08391401432516003,6.744604874597826e-15
5.199999999999649,psi_mid_correction_rad,7,-,n206_spacer__workspace_obstacle_0,0.045,1.955,1.955,0.0
5.199999999999649,psi_mid_correction_rad,7,-,gripper_contact_pad__satellite_base_collision,0.045,0.6644790580079847,0.6644790580079847,0.0
5.199999999999649,psi_mid_correction_rad,7,-,gripper_contact_pad__link0_collision,0.045,0.7732519570252898,0.7732519570252898,0.0
5.199999999999649,psi_mid_correction_rad,7,-,gripper_contact_pad__link1_collision,0.045,0.7202619999605008,0.7202619999605008,0.0
5.199999999999649,psi_mid_correction_rad,7,-,gripper_contact_pad__link2_collision,0.045,0.5822254976039641,0.5822254976039641,0.0
5.199999999999649,psi_mid_correction_rad,7,-,gripper_contact_pad__link3_collision,0.045,0.5009716508334269,0.5015224164461554,0.0005507656127284877
5.199999999999649,psi_mid_correction_rad,7,-,gripper_contact_pad__link4_collision,0.045,0.3515903142310748,0.3515903142310748,0.0
5.199999999999649,psi_mid_correction_rad,7,-,gripper_contact_pad__link5_collision,0.045,0.11927335905881438,0.1193463239107616,7.296485194721591e-05
5.199999999999649,psi_mid_correction_rad,7,-,gripper_contact_pad__link6_collision,0.045,0.09371401399112624,0.09371401399112884,2.609024107869118e-15
5.199999999999649,psi_mid_correction_rad,7,-,gripper_contact_pad__workspace_obstacle_0,0.045,1.955,1.955,0.0
5.199999999999649,psi_mid_correction_rad,8,+,link2_to_satellite,0.045,0.18653947460959464,0.1908481411034954,0.00430866649390077
5.199999999999649,psi_mid_correction_rad,8,+,link3_to_satellite,0.045,0.10716561642729429,0.11345508576733644,0.006289469340042153
5.199999999999649,psi_mid_correction_rad,8,+,link4_to_satellite,0.045,0.07952033689973868,0.08055543089090571,0.0010350939911670243
5.199999999999649,psi_mid_correction_rad,8,+,link5_to_satellite,0.045,0.28587766870921155,0.28617569453624175,0.00029802582703020164
5.199999999999649,psi_mid_correction_rad,8,+,link6_to_satellite,0.045,0.4291928005047139,0.4291928005047139,0.0
5.199999999999649,psi_mid_correction_rad,8,+,link7_to_satellite,0.045,0.5598715862906618,0.5598715862906618,0.0
5.199999999999649,psi_mid_correction_rad,8,+,link0_to_link4,0.045,0.2107389493273435,0.2136458660774017,0.0029069167500582194
5.199999999999649,psi_mid_correction_rad,8,+,link0_to_link5,0.045,0.4117871827597742,0.4117871827597742,0.0
5.199999999999649,psi_mid_correction_rad,8,+,link0_to_link6,0.045,0.5279343217803429,0.5279343217803429,0.0
5.199999999999649,psi_mid_correction_rad,8,+,link0_to_link7,0.045,0.6463637577661371,0.6463637577661371,0.0
5.199999999999649,psi_mid_correction_rad,8,+,link1_to_link5,0.045,0.3785034791823591,0.3785034791823591,0.0
5.199999999999649,psi_mid_correction_rad,8,+,link1_to_link6,0.045,0.469677834390626,0.469677834390626,0.0
5.199999999999649,psi_mid_correction_rad,8,+,link1_to_link7,0.045,0.585782827125574,0.585782827125574,0.0
5.199999999999649,psi_mid_correction_rad,8,+,link2_to_link6,0.045,0.33311943334775784,0.33311943334775784,0.0
5.199999999999649,psi_mid_correction_rad,8,+,link2_to_link7,0.045,0.44915005800719626,0.44915005800719626,0.0
5.199999999999649,psi_mid_correction_rad,8,+,link3_to_link7,0.045,0.3687821027629857,0.3681534095909378,-0.0006286931720478894
5.199999999999649,psi_mid_correction_rad,8,+,satellite_base_collision__tumbling_target_geom,0.002,0.781821061669334,0.781821061669334,0.0
5.199999999999649,psi_mid_correction_rad,8,+,satellite_base_collision__target_contact_plate,0.002,0.8029138468487726,0.8029138468487726,0.0
5.199999999999649,psi_mid_correction_rad,8,+,link0_collision__tumbling_target_geom,0.002,0.9016630965503486,0.9016630965503486,0.0
5.199999999999649,psi_mid_correction_rad,8,+,link0_collision__target_contact_plate,0.002,0.9070384162684482,0.9070384162684482,0.0
5.199999999999649,psi_mid_correction_rad,8,+,link1_collision__tumbling_target_geom,0.002,0.7933818549392591,0.7932305445511365,-0.0001513103881225497
5.199999999999649,psi_mid_correction_rad,8,+,link1_collision__target_contact_plate,0.002,0.8118003792054772,0.8118003792054772,0.0
5.199999999999649,psi_mid_correction_rad,8,+,link2_collision__tumbling_target_geom,0.002,0.6943297106001186,0.6913317086608031,-0.002998001939315542
5.199999999999649,psi_mid_correction_rad,8,+,link2_collision__target_contact_plate,0.002,0.6951367008224217,0.6933352011969742,-0.0018014996254475113
5.199999999999649,psi_mid_correction_rad,8,+,link3_collision__tumbling_target_geom,0.002,0.6016391920054281,0.5994534856710277,-0.0021857063344004057
5.199999999999649,psi_mid_correction_rad,8,+,link3_collision__target_contact_plate,0.002,0.6016785069030235,0.5994534856710279,-0.0022250212319956386
5.199999999999649,psi_mid_correction_rad,8,+,link4_collision__tumbling_target_geom,0.002,0.4576305075124049,0.4567441880223806,-0.0008863194900243232
5.199999999999649,psi_mid_correction_rad,8,+,link4_collision__target_contact_plate,0.002,0.45862343256962396,0.45675154139782675,-0.001871891171797202
5.199999999999649,psi_mid_correction_rad,8,+,link5_collision__tumbling_target_geom,0.002,0.21508557480166654,0.21362911495027093,-0.001456459851395614
5.199999999999649,psi_mid_correction_rad,8,+,link5_collision__target_contact_plate,0.002,0.22073564563640732,0.21866357766610578,-0.0020720679703015443
5.199999999999649,psi_mid_correction_rad,8,+,link6_collision__tumbling_target_geom,0.002,0.1653355049475509,0.16532883533916284,-6.669608388049086e-06
5.199999999999649,psi_mid_correction_rad,8,+,link6_collision__target_contact_plate,0.002,0.16533550494755095,0.165328835339163,-6.669608387938064e-06
5.199999999999649,psi_mid_correction_rad,8,+,link7_collision__tumbling_target_geom,0.002,0.04813705675032221,0.04809800209215338,-3.905465816882864e-05
5.199999999999649,psi_mid_correction_rad,8,+,link7_collision__target_contact_plate,0.002,0.04813705675032225,0.04809800209215347,-3.9054658168780065e-05
5.199999999999649,psi_mid_correction_rad,8,+,gripper_contact_pad__tumbling_target_geom,-0.002,0.03161028433035608,0.03156604386219882,-4.424046815725696e-05
5.199999999999649,psi_mid_correction_rad,8,+,n206_spacer__tumbling_target_geom,0.002,0.03714897132236395,0.03710777192611758,-4.119939624636776e-05
5.199999999999649,psi_mid_correction_rad,8,+,n206_spacer__target_contact_plate,0.002,0.037148971322364055,0.03710777192611769,-4.119939624636776e-05
5.199999999999649,psi_mid_correction_rad,8,+,n206_spacer__satellite_base_collision,0.045,0.6572233725294907,0.6572233725294907,0.0
5.199999999999649,psi_mid_correction_rad,8,+,n206_spacer__link0_collision,0.045,0.7643531945380526,0.7643531945380526,0.0
5.199999999999649,psi_mid_correction_rad,8,+,n206_spacer__link1_collision,0.045,0.7105719263052898,0.7105719263052898,0.0
5.199999999999649,psi_mid_correction_rad,8,+,n206_spacer__link2_collision,0.045,0.5727097056601491,0.5727097056601491,0.0
5.199999999999649,psi_mid_correction_rad,8,+,n206_spacer__link3_collision,0.045,0.4915488388215666,0.49098198613766647,-0.0005668526839001098
5.199999999999649,psi_mid_correction_rad,8,+,n206_spacer__link4_collision,0.045,0.3433002317118903,0.3433002317118903,0.0
5.199999999999649,psi_mid_correction_rad,8,+,n206_spacer__link5_collision,0.045,0.11077261721769514,0.11073785751200245,-3.475970569269404e-05
5.199999999999649,psi_mid_correction_rad,8,+,n206_spacer__link6_collision,0.045,0.08391401432515329,0.08391401432515606,2.7755575615628914e-15
5.199999999999649,psi_mid_correction_rad,8,+,n206_spacer__workspace_obstacle_0,0.045,1.955,1.955,0.0
5.199999999999649,psi_mid_correction_rad,8,+,gripper_contact_pad__satellite_base_collision,0.045,0.6644790580079847,0.6644790580079847,0.0
5.199999999999649,psi_mid_correction_rad,8,+,gripper_contact_pad__link0_collision,0.045,0.7732519570252898,0.7732519570252898,0.0
5.199999999999649,psi_mid_correction_rad,8,+,gripper_contact_pad__link1_collision,0.045,0.7202619999605008,0.7202619999605008,0.0
5.199999999999649,psi_mid_correction_rad,8,+,gripper_contact_pad__link2_collision,0.045,0.5822254976039641,0.5822254976039641,0.0
5.199999999999649,psi_mid_correction_rad,8,+,gripper_contact_pad__link3_collision,0.045,0.5009716508334269,0.5004266159309083,-0.0005450349025185597
5.199999999999649,psi_mid_correction_rad,8,+,gripper_contact_pad__link4_collision,0.045,0.3515903142310748,0.3515903142310748,0.0
5.199999999999649,psi_mid_correction_rad,8,+,gripper_contact_pad__link5_collision,0.045,0.11927335905881438,0.1192188730874204,-5.448597139398603e-05
5.199999999999649,psi_mid_correction_rad,8,+,gripper_contact_pad__link6_collision,0.045,0.09371401399112624,0.09371401399112327,-2.9698465908722937e-15
5.199999999999649,psi_mid_correction_rad,8,+,gripper_contact_pad__workspace_obstacle_0,0.045,1.955,1.955,0.0
5.199999999999649,psi_end_correction_rad,9,-,link2_to_satellite,0.045,0.18653947460959464,0.18551567880948772,-0.0010237958001069192
5.199999999999649,psi_end_correction_rad,9,-,link3_to_satellite,0.045,0.10716561642729429,0.10570008721390005,-0.00146552921339424
5.199999999999649,psi_end_correction_rad,9,-,link4_to_satellite,0.045,0.07952033689973868,0.07932057914549435,-0.0001997577542443285
5.199999999999649,psi_end_correction_rad,9,-,link5_to_satellite,0.045,0.28587766870921155,0.285822399440507,-5.526926870452753e-05
5.199999999999649,psi_end_correction_rad,9,-,link6_to_satellite,0.045,0.4291928005047139,0.4291928005047139,0.0
5.199999999999649,psi_end_correction_rad,9,-,link7_to_satellite,0.045,0.5598715862906618,0.5598715862906618,0.0
5.199999999999649,psi_end_correction_rad,9,-,link0_to_link4,0.045,0.2107389493273435,0.2099086600550173,-0.0008302892723262012
5.199999999999649,psi_end_correction_rad,9,-,link0_to_link5,0.045,0.4117871827597742,0.4117871827597742,0.0
5.199999999999649,psi_end_correction_rad,9,-,link0_to_link6,0.045,0.5279343217803429,0.5279343217803429,0.0
5.199999999999649,psi_end_correction_rad,9,-,link0_to_link7,0.045,0.6463637577661371,0.6463637577661371,0.0
5.199999999999649,psi_end_correction_rad,9,-,link1_to_link5,0.045,0.3785034791823591,0.3785034791823591,0.0
5.199999999999649,psi_end_correction_rad,9,-,link1_to_link6,0.045,0.469677834390626,0.469677834390626,0.0
5.199999999999649,psi_end_correction_rad,9,-,link1_to_link7,0.045,0.585782827125574,0.585782827125574,0.0
5.199999999999649,psi_end_correction_rad,9,-,link2_to_link6,0.045,0.33311943334775784,0.33311943334775784,0.0
5.199999999999649,psi_end_correction_rad,9,-,link2_to_link7,0.045,0.44915005800719626,0.44915005800719626,0.0
5.199999999999649,psi_end_correction_rad,9,-,link3_to_link7,0.045,0.3687821027629857,0.36892797992344994,0.00014587716046426946
5.199999999999649,psi_end_correction_rad,9,-,satellite_base_collision__tumbling_target_geom,0.002,0.781821061669334,0.781821061669334,0.0
5.199999999999649,psi_end_correction_rad,9,-,satellite_base_collision__target_contact_plate,0.002,0.8029138468487726,0.8029138468487726,0.0
5.199999999999649,psi_end_correction_rad,9,-,link0_collision__tumbling_target_geom,0.002,0.9016630965503486,0.9016630965503486,0.0
5.199999999999649,psi_end_correction_rad,9,-,link0_collision__target_contact_plate,0.002,0.9070384162684482,0.9070384162684482,0.0
5.199999999999649,psi_end_correction_rad,9,-,link1_collision__tumbling_target_geom,0.002,0.7933818549392591,0.7934102668487031,2.841190944402605e-05
5.199999999999649,psi_end_correction_rad,9,-,link1_collision__target_contact_plate,0.002,0.8118003792054772,0.8118003792054772,0.0
5.199999999999649,psi_end_correction_rad,9,-,link2_collision__tumbling_target_geom,0.002,0.6943297106001186,0.6949973073597661,0.0006675967596474486
5.199999999999649,psi_end_correction_rad,9,-,link2_collision__target_contact_plate,0.002,0.6951367008224217,0.6951367008224217,0.0
5.199999999999649,psi_end_correction_rad,9,-,link3_collision__tumbling_target_geom,0.002,0.6016391920054281,0.6020866002168996,0.00044740821147148946
5.199999999999649,psi_end_correction_rad,9,-,link3_collision__target_contact_plate,0.002,0.6016785069030235,0.6021488382300256,0.0004703313270021381
5.199999999999649,psi_end_correction_rad,9,-,link4_collision__tumbling_target_geom,0.002,0.4576305075124049,0.4577603014541725,0.0001297939417675975
5.199999999999649,psi_end_correction_rad,9,-,link4_collision__target_contact_plate,0.002,0.45862343256962396,0.4589831656949519,0.00035973312532794344
5.199999999999649,psi_end_correction_rad,9,-,link5_collision__tumbling_target_geom,0.002,0.21508557480166654,0.2154001665470487,0.00031459174538214785
5.199999999999649,psi_end_correction_rad,9,-,link5_collision__target_contact_plate,0.002,0.22073564563640732,0.2211771721684056,0.0004415265319982764
5.199999999999649,psi_end_correction_rad,9,-,link6_collision__tumbling_target_geom,0.002,0.1653355049475509,0.16528975951947728,-4.574542807361803e-05
5.199999999999649,psi_end_correction_rad,9,-,link6_collision__target_contact_plate,0.002,0.16533550494755095,0.16528975951947739,-4.574542807356252e-05
5.199999999999649,psi_end_correction_rad,9,-,link7_collision__tumbling_target_geom,0.002,0.04813705675032221,0.048151881367920236,1.4824617598024892e-05
5.199999999999649,psi_end_correction_rad,9,-,link7_collision__target_contact_plate,0.002,0.04813705675032225,0.048151881367920306,1.4824617598052647e-05
5.199999999999649,psi_end_correction_rad,9,-,gripper_contact_pad__tumbling_target_geom,-0.002,0.03161028433035608,0.03162624742451079,1.5963094154712587e-05
5.199999999999649,psi_end_correction_rad,9,-,n206_spacer__tumbling_target_geom,0.002,0.03714897132236395,0.03716414296194108,1.5171639577128693e-05
5.199999999999649,psi_end_correction_rad,9,-,n206_spacer__target_contact_plate,0.002,0.037148971322364055,0.03716414296194116,1.5171639577107876e-05
5.199999999999649,psi_end_correction_rad,9,-,n206_spacer__satellite_base_collision,0.045,0.6572233725294907,0.6572233725294907,0.0
5.199999999999649,psi_end_correction_rad,9,-,n206_spacer__link0_collision,0.045,0.7643531945380526,0.7643531945380526,0.0
5.199999999999649,psi_end_correction_rad,9,-,n206_spacer__link1_collision,0.045,0.7105719263052898,0.7105719263052898,0.0
5.199999999999649,psi_end_correction_rad,9,-,n206_spacer__link2_collision,0.045,0.5727097056601491,0.5727097056601491,0.0
5.199999999999649,psi_end_correction_rad,9,-,n206_spacer__link3_collision,0.045,0.4915488388215666,0.49167630353315067,0.000127464711584091
5.199999999999649,psi_end_correction_rad,9,-,n206_spacer__link4_collision,0.045,0.3433002317118903,0.3433002317118903,0.0
5.199999999999649,psi_end_correction_rad,9,-,n206_spacer__link5_collision,0.045,0.11077261721769514,0.11078270767654609,1.0090458850947615e-05
5.199999999999649,psi_end_correction_rad,9,-,n206_spacer__link6_collision,0.045,0.08391401432515329,0.08391401432513655,-1.6736612096224235e-14
5.199999999999649,psi_end_correction_rad,9,-,n206_spacer__workspace_obstacle_0,0.045,1.955,1.955,0.0
5.199999999999649,psi_end_correction_rad,9,-,gripper_contact_pad__satellite_base_collision,0.045,0.6644790580079847,0.6644790580079847,0.0
5.199999999999649,psi_end_correction_rad,9,-,gripper_contact_pad__link0_collision,0.045,0.7732519570252898,0.7732519570252898,0.0
5.199999999999649,psi_end_correction_rad,9,-,gripper_contact_pad__link1_collision,0.045,0.7202619999605008,0.7202619999605008,0.0
5.199999999999649,psi_end_correction_rad,9,-,gripper_contact_pad__link2_collision,0.045,0.5822254976039641,0.5822254976039641,0.0
5.199999999999649,psi_end_correction_rad,9,-,gripper_contact_pad__link3_collision,0.045,0.5009716508334269,0.5010939887408237,0.00012233790739679673
5.199999999999649,psi_end_correction_rad,9,-,gripper_contact_pad__link4_collision,0.045,0.3515903142310748,0.3515903142310748,0.0
5.199999999999649,psi_end_correction_rad,9,-,gripper_contact_pad__link5_collision,0.045,0.11927335905881438,0.11928793476845222,1.4575709637837386e-05
5.199999999999649,psi_end_correction_rad,9,-,gripper_contact_pad__link6_collision,0.045,0.09371401399112624,0.09371401399112893,2.6922908347160046e-15
5.199999999999649,psi_end_correction_rad,9,-,gripper_contact_pad__workspace_obstacle_0,0.045,1.955,1.955,0.0
5.199999999999649,psi_end_correction_rad,10,+,link2_to_satellite,0.045,0.18653947460959464,0.18758829911509922,0.0010488245055045864
5.199999999999649,psi_end_correction_rad,10,+,link3_to_satellite,0.045,0.10716561642729429,0.1085881710662432,0.001422554638948914
5.199999999999649,psi_end_correction_rad,10,+,link4_to_satellite,0.045,0.07952033689973868,0.07972186676947088,0.0002015298697321949
5.199999999999649,psi_end_correction_rad,10,+,link5_to_satellite,0.045,0.28587766870921155,0.2859332146362837,5.554592707213146e-05
5.199999999999649,psi_end_correction_rad,10,+,link6_to_satellite,0.045,0.4291928005047139,0.4291928005047139,0.0
5.199999999999649,psi_end_correction_rad,10,+,link7_to_satellite,0.045,0.5598715862906618,0.5598715862906618,0.0
5.199999999999649,psi_end_correction_rad,10,+,link0_to_link4,0.045,0.2107389493273435,0.21155426008911776,0.0008153107617742683
5.199999999999649,psi_end_correction_rad,10,+,link0_to_link5,0.045,0.4117871827597742,0.4117871827597742,0.0
5.199999999999649,psi_end_correction_rad,10,+,link0_to_link6,0.045,0.5279343217803429,0.5279343217803429,0.0
5.199999999999649,psi_end_correction_rad,10,+,link0_to_link7,0.045,0.6463637577661371,0.6463637577661371,0.0
5.199999999999649,psi_end_correction_rad,10,+,link1_to_link5,0.045,0.3785034791823591,0.3785034791823591,0.0
5.199999999999649,psi_end_correction_rad,10,+,link1_to_link6,0.045,0.469677834390626,0.469677834390626,0.0
5.199999999999649,psi_end_correction_rad,10,+,link1_to_link7,0.045,0.585782827125574,0.585782827125574,0.0
5.199999999999649,psi_end_correction_rad,10,+,link2_to_link6,0.045,0.33311943334775784,0.33311943334775784,0.0
5.199999999999649,psi_end_correction_rad,10,+,link2_to_link7,0.045,0.44915005800719626,0.44915005800719626,0.0
5.199999999999649,psi_end_correction_rad,10,+,link3_to_link7,0.045,0.3687821027629857,0.36864509484735625,-0.00013700791562942793
5.199999999999649,psi_end_correction_rad,10,+,satellite_base_collision__tumbling_target_geom,0.002,0.781821061669334,0.781821061669334,0.0
5.199999999999649,psi_end_correction_rad,10,+,satellite_base_collision__target_contact_plate,0.002,0.8029138468487726,0.8029138468487726,0.0
5.199999999999649,psi_end_correction_rad,10,+,link0_collision__tumbling_target_geom,0.002,0.9016630965503486,0.9016630965503486,0.0
5.199999999999649,psi_end_correction_rad,10,+,link0_collision__target_contact_plate,0.002,0.9070384162684482,0.9070384162684482,0.0
5.199999999999649,psi_end_correction_rad,10,+,link1_collision__tumbling_target_geom,0.002,0.7933818549392591,0.7933512820563429,-3.057288291619109e-05
5.199999999999649,psi_end_correction_rad,10,+,link1_collision__target_contact_plate,0.002,0.8118003792054772,0.8118003792054772,0.0
5.199999999999649,psi_end_correction_rad,10,+,link2_collision__tumbling_target_geom,0.002,0.6943297106001186,0.6936611658089576,-0.0006685447911609632
5.199999999999649,psi_end_correction_rad,10,+,link2_collision__target_contact_plate,0.002,0.6951367008224217,0.6951367008224217,0.0
5.199999999999649,psi_end_correction_rad,10,+,link3_collision__tumbling_target_geom,0.002,0.6016391920054281,0.6011765185081974,-0.0004626734972307256
5.199999999999649,psi_end_correction_rad,10,+,link3_collision__target_contact_plate,0.002,0.6016785069030235,0.6011977737879116,-0.00048073311511187544
5.199999999999649,psi_end_correction_rad,10,+,link4_collision__tumbling_target_geom,0.002,0.4576305075124049,0.45748868221882183,-0.0001418252935830866
5.199999999999649,psi_end_correction_rad,10,+,link4_collision__target_contact_plate,0.002,0.45862343256962396,0.4582358970064799,-0.00038753556314408133
5.199999999999649,psi_end_correction_rad,10,+,link5_collision__tumbling_target_geom,0.002,0.21508557480166654,0.21476682566115027,-0.00031874914051627234
5.199999999999649,psi_end_correction_rad,10,+,link5_collision__target_contact_plate,0.002,0.22073564563640732,0.22028560689654436,-0.0004500387398629624
5.199999999999649,psi_end_correction_rad,10,+,link6_collision__tumbling_target_geom,0.002,0.1653355049475509,0.16538574634026262,5.024139271173067e-05
5.199999999999649,psi_end_correction_rad,10,+,link6_collision__target_contact_plate,0.002,0.16533550494755095,0.16538574634026273,5.024139271178618e-05
5.199999999999649,psi_end_correction_rad,10,+,link7_collision__tumbling_target_geom,0.002,0.04813705675032221,0.048123964504534524,-1.3092245787688084e-05
5.199999999999649,psi_end_correction_rad,10,+,link7_collision__target_contact_plate,0.002,0.04813705675032225,0.04812396450453459,-1.3092245787660328e-05
5.199999999999649,psi_end_correction_rad,10,+,gripper_contact_pad__tumbling_target_geom,-0.002,0.03161028433035608,0.03159603312549185,-1.4251204864229594e-05
5.199999999999649,psi_end_correction_rad,10,+,n206_spacer__tumbling_target_geom,0.002,0.03714897132236395,0.037135465304034214,-1.3506018329736968e-05
5.199999999999649,psi_end_correction_rad,10,+,n206_spacer__target_contact_plate,0.002,0.037148971322364055,0.0371354653040343,-1.3506018329757785e-05
5.199999999999649,psi_end_correction_rad,10,+,n206_spacer__satellite_base_collision,0.045,0.6572233725294907,0.6572233725294907,0.0
5.199999999999649,psi_end_correction_rad,10,+,n206_spacer__link0_collision,0.045,0.7643531945380526,0.7643531945380526,0.0
5.199999999999649,psi_end_correction_rad,10,+,n206_spacer__link1_collision,0.045,0.7105719263052898,0.7105719263052898,0.0
5.199999999999649,psi_end_correction_rad,10,+,n206_spacer__link2_collision,0.045,0.5727097056601491,0.5727097056601491,0.0
5.199999999999649,psi_end_correction_rad,10,+,n206_spacer__link3_collision,0.045,0.4915488388215666,0.4914217493159065,-0.00012708950566009403
5.199999999999649,psi_end_correction_rad,10,+,n206_spacer__link4_collision,0.045,0.3433002317118903,0.3433002317118903,0.0
5.199999999999649,psi_end_correction_rad,10,+,n206_spacer__link5_collision,0.045,0.11077261721769514,0.11076340836338124,-9.208854313907944e-06
5.199999999999649,psi_end_correction_rad,10,+,n206_spacer__link6_collision,0.045,0.08391401432515329,0.08391401432515706,3.774758283725532e-15
5.199999999999649,psi_end_correction_rad,10,+,n206_spacer__workspace_obstacle_0,0.045,1.955,1.955,0.0
5.199999999999649,psi_end_correction_rad,10,+,gripper_contact_pad__satellite_base_collision,0.045,0.6644790580079847,0.6644790580079847,0.0
5.199999999999649,psi_end_correction_rad,10,+,gripper_contact_pad__link0_collision,0.045,0.7732519570252898,0.7732519570252898,0.0
5.199999999999649,psi_end_correction_rad,10,+,gripper_contact_pad__link1_collision,0.045,0.7202619999605008,0.7202619999605008,0.0
5.199999999999649,psi_end_correction_rad,10,+,gripper_contact_pad__link2_collision,0.045,0.5822254976039641,0.5822254976039641,0.0
5.199999999999649,psi_end_correction_rad,10,+,gripper_contact_pad__link3_collision,0.045,0.5009716508334269,0.5008495880122895,-0.00012206282113735867
5.199999999999649,psi_end_correction_rad,10,+,gripper_contact_pad__link4_collision,0.045,0.3515903142310748,0.3515903142310748,0.0
5.199999999999649,psi_end_correction_rad,10,+,gripper_contact_pad__link5_collision,0.045,0.11927335905881438,0.11925969865589171,-1.3660402922666126e-05
5.199999999999649,psi_end_correction_rad,10,+,gripper_contact_pad__link6_collision,0.045,0.09371401399112624,0.09371401399112701,7.771561172376096e-16
5.199999999999649,psi_end_correction_rad,10,+,gripper_contact_pad__workspace_obstacle_0,0.045,1.955,1.955,0.0
